hbzId,subject,title,otherTitleInformation,corporateBodyForTitle
BT000106158,s882060,Über 20 [zwanzig] Jahre Fernsehsender Hochsauerland,NULL,NULL
BT000085948,s882040,Zwanzig Jahre Fernsehsender Hochsauerland.,NULL,NULL
HT012917357,s102070,Die Hochsauerland-Höhenstraße,"sie beginnt und endet in Winterberg, der höchsten Stadt des Hochsauerlandes",NULL
BT000156640,s548800,Mountainbiking und Tourismus,die Akzeptanz von Mountainbike-Wegnetzen am Beispiel der Mountainbike-Arena Hochsauerland,NULL
BT000000809,s799000,Technologiezusammenarbeit Wirtschaft - Hochschule in der Region Hochsauerland,NULL,NULL
HT013245446,s736030,"""Bob- und Rodelbahn Winterberg Hochsauerland"" feiert 25-jähriges Jubiläum",NULL,NULL
HT013648417,s548400,"Geschichte der Filiale Hallenberg der Sparkasse Hochsauerland, vormals: Amtssparkasse zu Hallenberg",NULL,NULL
HT014136570,s843010,Fernsehsender Hochsauerland auf der Hunauhöhe,NULL,NULL
BT000110676,s162030,Diphasium-Arten im Hochsauerland.,NULL,NULL
BT000043100,s161040,Einige seltene Pflanzengesellschaften des Hochsauerlandes.,NULL,NULL
HT019387007,s548400,"""Gutes tun - wir sagen Danke!""",175 Jahre Sparkasse Hochsauerland,NULL
HT018964727,s548200,Reisedienst Hochsauerland in Olsberg 1948 bis 1993,NULL,NULL
HT019201133,s548400,175 Jahre Sparkasse Hochsauerland,ein Spiegel der regionalen Wirtschafts- und Sozialgeschichte,NULL
HT013245198,s861000,Kulturgut Buch,Lesen und Schreiben in der Region,NULL
HT012972099,s126000,"Stadtplan Meschede, Hochsauerland","Innenstadtvergrößerung 1:10000, Verzeichnis der Straßen und öffentlichen Einrichtungen, Parkplätze, P+R-Parkplätze, Parkhäuser, Einbahnstraßen, Fernsprechzellen, Fußgängerzonen, Haltestellen, Freizeit-Tips, verkehrsberuhigte Zone",NULL
HT018985519,s126000,"Stadtplan Meschede, Hochsauerland","Innenstadtvergrößerung 1:10000 ; Verzeichnis der Straßen und Plätze ; Verzeichnis der Behörden und öffentlichen Einrichtungen, Parkplätze, P+R-Parkplätze, Parkhäuser, Einbahnstraßen, Fernsprechzellen, Fußgängerzonen, verkehrsberuhigte Zonen, Bushaltestellen, Mescheder-Höhenwanderweg",NULL
BT000086789,s548800,Hochsauerland-Buchungsservice (HBS),besondere Marketinghilfen für mittelständ. Fremdenverkehrsbetriebe; Aufgaben u. Arbeitsweise e. Buchungssystems.,NULL
HT015908444,s163030,Halbtrockenrasen und Hochheiden - Lebensräume der Kurzflügeligen Beißschrecke (Metrioptera brachyptera) im Hochsauerland,NULL,NULL
BT000178883,s502000,Ein Waldland füllt sich mit Menschen,Zahlenspiegel zur Bevölkerungsentwicklung im Hochsauerland,NULL
HT018744117,s768010,Wer mordet schon im Hochsauerland?,11 Krimis und 125 Freizeittipps,NULL
HT012798610,s844000,Kunstlandschaft Hochsauerland,Führer zu kunst- und kulturhistorisch interessanten Stätten,NULL
HT015418742,s422000,Zwischen Demokratie und Diktatur,der Aufstieg des Nationalsozialismus in den Kreisverwaltungen des Hochsauerlandes,NULL
HT014610847,s544610,Wald und Jagd im Hochsauerland,NULL,NULL
HT018328088,s747020,Schlausmen,Glossar zur Sondersprache der Sensenhändler im Hochsauerland,NULL
HT018715379,s768010,Wer mordet schon im Hochsauerland?,11 Krimis und 125 Freizeittipps ; [der kriminelle Freizeitführer],NULL
BT000150431,s544400,Das Forstamt Meschede der Landwirtschaftskammer von der Gründung bis zur Umorganisation,"1920 - 1971 ; Privatwaldbetreuung im Hochsauerland ; mit e. Ausblick: Die ""Nachfolgeforstämter"" 1987",NULL
HT015418762,s542000,Industrie und Verkehr im Hochsauerland vom Beginn des 19. Jahrhunderts bis zum Ersten Weltkrieg,NULL,NULL
HT007216571,s543480,Geschäftsbericht des DGB-Kreises Hochsauerland,vorgelegt der ordentlichen Kreisdelegiertenversammlung,NULL
HT015418787,s542000,Gemeinsam für das Wohl der Menschen,"Wirtschaft und Verwaltung von der ""Stunde Null"" bis in die Gegenwart (1945 - 2007)",NULL
HT007216572,s543480,Geschäftsbericht des DGB-Kreises Hochsauerland,vorgelegt der ordentlichen Delegiertenversammlung,NULL
HT015418730,s843020,Von landrätlichen Kreisstuben zu Kreishäusern,die räumliche Unterbringung der Kreisverwaltungen von den Anfängen bis heute,NULL
HT015418771,s422000,Die Verwaltungslandschaft im Hochsauerland verändert ihr Gesicht,die kommunale Neugliederung 1975 und die Entstehung des Hochsauerlandkreises,NULL
HT012042493,s584000,Irrgeister,Naturmagazin des Vereins für Natur- und Vogelschutz im HSK e.V.,NULL
HT013337706,s102070,Heidenstrasse und Jakobsweg,(Wanderung auf dem Jakobsweg im Hochsauerland),NULL
HT014574182,s548400,Martini zum Sahnestück,mit Marketing im Stil von Tchibo und Media-Markt fordert die Sparkasse Hochsauerland Direktbanken heraus ; das Institut berichtet,NULL
BT000033928,s102000,Hochsauerland,NULL,NULL
BT000055840,s102000,Hochsauerland,Raum Brilon - Winterberg - Meschede,NULL
BT000025006,s733000,25 Jahre internationale Jugendbegegnungen,[Jerusalem - Hochsauerland],NULL
BT000024992,s632050,Juden aus dem Hochsauerland als Opfer der Verfolgung unter der nationalsozialistischen Gewaltherrschaft 1933 - 1945,NULL,NULL
HT015842407,s548800,Vom Beginn des Tourismus im Hochsauerland als pastorale Herausforderung für die Ortskirche,NULL,NULL
HT014377855,s102070,Sehenswertes im Hochsauerland,zwischen Haarstrang und Kahlem Asten,NULL
BT000018408,s735020,Gran Dorado Hochsauerland,Deutschlands größter Ferienpark in Medebach,NULL
HT013519431,s162030,Felsen und Halden im Hochsauerland,Lebensraum für Spezialisten,NULL
BT000164259,s163090,Geheimnisvolle Nachtjäger,die Fledermäuse im Hochsauerland,NULL
BT000158377,s548400,"Von Geldwirtschaft, Sparern und der Sparkasse in Winterberg","1858 wurde die Stadtsparkasse gegründet, die 1978 in der Sparkasse Hochsauerland aufging",NULL
BT000138725,s126000,"Stadtplan Meschede, Hochsauerland","mit allen Stadtteilen ; Stadtkernvergrößerung 1:10000, Verzeichnis der Straßen und öffentlichen Einrichtungen, Parkplätze, Einbahnstraßen, Fernsprechzellen, Fußgängerzone, Haltestellen, Freizeit-Tips",NULL
HT013470311,s102070,Hochsauerland-Höhenstraße,ein Erlebnisführer,NULL
HT014697141,s102060,Immer rechts ab!,mit dem Motorrad auf Entdeckungsfahrt im Hochsauerland,NULL
BT000171097,s102070,Hochsauerland-Wanderwege,NULL,NULL
BT000178189,s548850,"Essen, Trinken und ein Bett für eine Nacht",Gast- und Schankwirtschaften im Hochsauerland im 19. Jahrhundert,NULL
HT016492034,s126000,"Bike-Arena Sauerland, HSL: Kartenblatt Hochsauerland",19 Biketouren,NULL
HT010504590,s733030,Winterpoesie,Text-Foto-Edition Winterresidenz Hochsauerland,NULL
BT000023377,s126000,"Stadtplan Meschede, Hochsauerland","mit allen Stadtteilen ; Stadtkernvergrößerung 1:10000, Verzeichnis der Straßen und öffentlichen Einrichtungen, Parkplätze, Einbahnstraßen, Fernsprechzellen, Fußgängerzone, Haltestellen, Freizeit-Tips",NULL
BT000158949,s126000,"Stadtplan Meschede, Hochsauerland","mit allen Stadtteilen ; Innenstadtvergrößerung 1:10000, Verzeichnis der Straßen und öffentlichen Einrichtungen, Parkplätze, P+R-Parkplätze, Parkhäuser, Einbahnstraßen, Fernsprechzellen, Fußgängerzone, Haltestellen, Freizeit-Tips",NULL
HT014210535,s552000,Historische Straßenverläufe und Zeichen am Wege,preußische Provinzialstraßen und ihre Meilensteine im Hochsauerland,NULL
HT013406854,s102000,Hochsauerland,NULL,NULL
BT000015981,s548800,Ferienparks - Urlaubsform der Zukunft?,IHK-Fremdenverkehrsreferenten NW zu Gast bei Gran Dorado,NULL
BT000075352,s736030,Winterberger Bob- und Rodelbahn für Welt- und Europameisterschaft gerüstet.,NULL,NULL
HT013693848,s548800,Südseestrand am Sauerlandhang,jeder sechste Sauerland-Gast übernachtet im Medebacher Gran Dorado,NULL
HT014808620,s736030,Zu Fuß hinauf zum Startplatz...,die Winterberger Bobbahn hat schon etliche sportliche Höhepunkte erlebt,NULL
BT000075828,s736000,"Sportanlagen liegen Gemeinden ""auf der Tasche"".",NULL,NULL
BT000156639,s548800,Strukturen und räumliche Effekte von Ferienparks und das Beispiel des Gran Dorado-Bungalowparks in Medebach,NULL,NULL
HT016495919,s126000,"Hochsauerland, Arnsberger Wald","Wandern, Rad ; GPS-genau",NULL
HT013527092,s548840,Reiseziele Golddörfer im Hochsauerland,"nach der Aktion: Unser Dorf soll schöner werden, Sieger auf Landes- und Bundesebene",NULL
BT000032423,s142372,Mehrdimensionale Projektbewertung für die geplante Renau-Trinkwasser-Talsperre,Gutachten,NULL
BT000024984,s632000,Juden im Hochsauerland im Zeitalter von Aufklärung und Emanzipation,NULL,NULL
HT018662495,s126000,"Bike-Arena Sauerland, HSL: Kartenblatt Hochsauerland",23 Biketouren ; Tourenbeschreibung mit Höhenprofilen ; UTM-Gitter für GPS-Nutzung,NULL
HT013721935,s142330,Prognose und Bewertung der ökologischen Folgen wasserbaulicher Maßnahmen am Beispiel einer Talsperrenplanung im Hochsauerland,NULL,NULL
HT013721911,s142330,Prognose und Bewertung der ökologischen Folgen wasserbaulicher Maßnahmen am Beispiel einer Talsperrenplanung im Hochsauerland,NULL,NULL
BT000134900,s545020,"""Friede und Regen""",eine hundertjährige Akte berichtet über Arbeitskämpfe im Hochsauerland,NULL
HT016728328,s584000,Irrgeister,Naturmagazin des Vereins für Natur- und Vogelschutz im HSK e.V.,NULL
HT003029111,s735040,Entdecken Sie Arnsberger Wald und Hochsauerland,Freizeitaktivität für jede Jahreszeit,NULL
HT018867424,s126000,Rad- und Wanderkarte Hochsauerland,1. Qualitätsregion Wanderbares Deutschlands ; vollständige Darstellung Wanderwegenetz ; UTM-Gitter für GPS-Nutzung,NULL
BT000163408,s163000,Handbuch Natur: Tier- und Pflanzenwelt im Hochsauerland,NULL,NULL
HT009507287,s163000,Handbuch Natur: Tier- und Pflanzenwelt im Hochsauerland,NULL,NULL
HT018152223,s882024,Westfalenpost,"WP ; Stimme der Heimat, Echo der Welt",NULL
BT000041771,s735000,Wanderfreizeiten und Ferienwanderungen z.B. in Heinsberg im Hochsauerland.,NULL,NULL
BT000066322,s547440,Die Entwicklung der Leuchten-Industrie im Hochsauerland.,NULL,NULL
HT016144552,s746030,"Unterm Schloßberg ""in der Lockfinke""",NULL,NULL
BT000164232,s584000,"""Manche mögen's naß ...""",Feuchtwiesenschutz im Hochsauerlandkreis,NULL
BT000164257,s163090,Säugetiere des Hochsauerlandkreises,eine kommentierte Artenliste,NULL
BT000164262,s163030,Von Heupferden und Grillen,Heuschrecken im Hochsauerlandkreis,NULL
BT000164265,s162000,Botanische Kostbarkeiten,floristische Besonderheiten im Hochsauerlandkreis,NULL
BT000157054,s766050,Winterpoesie Hochsauerland,Literatur und Fotografie ; 14. Januar - 11. März 1998,NULL
BT000157717,s425490,Eine Erfolgsstory ohnegleichen,25 Jahre Partnerschaft zwischen West Lothian und dem Hochsauerland,NULL
HT019383353,s543020,50 Jahre Wirtschaftsförderung im Hochsauerland,WFG Hochsauerlandkreis - eine der ältesten Wirtschaftsförderungsgesellschaften in NRW,NULL
HT013245214,s725050,Null Bock auf Vereinsarbeit und Ehrenamt?,Ehrenamt und neue Freiwilligkeit,NULL
HT013245300,s768010,"Eine ""schöne Leiche""",Erinnerungen an eine Kindheit im Sauerland,NULL
HT017213447,s735040,Wir sehen uns in Hallenberg,NULL,NULL
HT013274225,s102070,Höhenstrasse Hoch-Sauerland,"Panorama Autostraße ; [Besichtigungen, Wanderungen, Ausflüge]",NULL
HT015848656,s240500,Im Kreis um den Kreis,Sonderausstellung im Sauerland-Museum zur Geschichte der Kreise im Hochsauerland,NULL
BT000025008,s425490,Partnerschaft mit dem Kreis Megiddo in Israel,NULL,NULL
BT000024942,s632000,Jüdisches Leben im Hochsauerland,NULL,NULL
HT015576672,s562000,Zur Entstehung der Wittgensteiner Dörfer am Kahlen Asten,NULL,NULL
HT013241542,s848000,Freizeitvergnügen Hochsauerlandkreis,NULL,NULL
HT013245438,s428030,Alte Dienstvorschrift kommandiert preußisch,aus dem Dienstvorschriften-Buch des Gendarmerie-Wachtmeisters Franz Schmidt,NULL
HT019383111,s163090,Die Europäische Wildkatze ist zurück im Hochsauerland!,NULL,NULL
HT016135623,s523090,50 Jahre Haus zum Guten Hirten,1955 - 2005,NULL
HT013314619,s725070,"""Wer versteht, wird verstanden""",neue Wege zur Verständigung mit unseren ausländischen Mitbürgern,NULL
BT000025012,s632000,Auswahl-Bibliographie,NULL,NULL
BT000134787,s736030,"""Winterolympiade"" des Regionalprojektes Hochsauerland",Vielseitigkeitswettkampf für Schulmannschaften im Nordischen Skilauf (Wettkampfklasse IV),NULL
BT000163153,s882020,Als die Bundesrepublik die Kinderschuhe anzog,Spiegelungen des Jahres 1949 in der Lokalpresse des Hochsauerlandes,NULL
BT000164253,s163080,Wächter auf hoher Warte,Raubwürger,NULL
BT000143330,s767040,Ein Zaubergarten,[ein Lesebuch],NULL
BT000164283,s584000,Der Verein für Natur- und Vogelschutz im Hochsauerlandkreis e.V. (VNV),eine kurze Bilanz einer noch recht jungen Geschichte,NULL
BT000143331,s767040,Minute um Minute,zum 775. Geburtstag der Stadt Brilon hrsg. von der Schreibwerkstatt Brilon in der VHS Brilon-Marsberg-Olsberg ; [ein Briloner Lesebuch],NULL
HT013245181,s724020,Vagabundierende Kinder im Jahr 1819,"die Realität des Märchens von ""Hänsel und Gretel""",NULL
HT013245429,s611044,"""Aber seitdem wir von Brechlingsen mitversorgt werden...""",Anmerkungen zu den Pastoralverbünden im Erzbistum Paderborn,NULL
BT000034411,s163080,Wächter auf hoher Warte,der Raubwürger im Hochsauerland,NULL
HT018177293,s544020,Relikte mittelalterlicher Landwirtschaft in den Hochlagen des Sauerlandes,"Hochsauerlandkreis, Regierungsbezirk Arnsberg",NULL
BT000169188,s142372,Zur Situation der Wasserversorgung im Hochsauerland zum Ende des Jahrtausends,NULL,NULL
BT000164250,s564080,Wo der Gute Heinrich zu Hause ist,das Dorf als Lebensraum,NULL
BT000164251,s163080,Vielfalt auf Schwingen,die Brutvögel des Hochsauerlandkreises,NULL
BT000164252,s163080,Zurückgekehrt!,der Wanderfalke ist wieder Brutvogel im Hochsauerlandkreis,NULL
BT000164254,s163080,Herrscher der Hecken,der Neuntöter,NULL
BT000164261,s163030,Lila-goldene und blauschillernde Himmelsboten,Tagfalter im Hochsauerlandkreis,NULL
BT000157396,s736030,Skijäger im Hochsauerland,Biathlon - die Geschichte eines ungewöhnlichen Sports,NULL
BT000148547,s766050,Winterpoesie im Hochsauerland,über dreißig Veranstaltungen in neun Städten und Gemeinden ; Westfälisches Literaturbüro für Konzeption und Programm zuständig,NULL
BT000049517,s544000,"Die land- und forstwirtschaftliche Struktur und deren Entwicklungstendenzen in der Stadt Olsberg, Hochsauerland",NULL,NULL
HT018242722,s126000,"Hochsauerland, Arnsberger Wald","Wandern, Rad ; GPS-genau",NULL
HT019136130,s126000,"Hochsauerland: Winterberg, Kahler Asten und Umgebung","Ausflüge zwischen Siedlinghausen, Küstelberg, Liesen, Medebach, Girkhausen und Hallenberg : Radtourenvorschläge mit Entfernungsangaben, viele Tipps zu Sehenswürdigkeiten : Wander-, Ski- und Radwanderkarte, GPS-fähig",NULL
HT012014098,s160100,Das Ebbegebirge - vegetationskundliche und paläoökologische Untersuchungen zur Vegetations- und Landschaftsgeschichte des Hochsauerlandes,NULL,NULL
HT018274708,s767040,"Widukind, 2: Im Hochsauerland und im Waldecker Hochland",NULL,NULL
HT019136133,s126000,"Waldecker Upland, Hochsauerland, Willingen und Umgebung","Ausflüge zwischen Olsberg, Brilon, Deifeld, Bruchhausen, Siedlinghausen und Diemelsee : Radtourenvorschläge mit Entfernungsangaben, viele Tipps zu Sehenswürdigkeiten : Wander-, Ski- und Radwanderkarte, GPS-fähig",NULL
HT018190847,s126000,"Outdoorkarte, 30: Hochsauerland, Rothaargebirge","Winterberg, Bad Berleburg ; Wandern, Rad, Nordic walking",NULL
BT000024985,s746020,Die Namensführung der Juden im Hochsauerland,NULL,NULL
BT000164244,s161040,"Von Rhönschafen und Ziegen, von Orchideen und Enzianen",die Kalkmagerrasen im Hochsauerlandkreis - gerettet!?,NULL
BT000164245,s163030,Waldwiesentäler des Hochsauerlandkreises,Ökologie der Waldwiesentäler,NULL
BT000164263,s161040,Ein Paradies für Wildbienen,Kalkhalbtrockenrasen,NULL
HT013468605,s543800,Auf dem beschwerlichen Weg zur Praxis,Stadtmarketing am Hellweg und im Hochsauerland,NULL
HT018456192,s746000,"""... laß sie hangen, bis sie von selbst abfallen""","die Gäiseke des oberen Sauerlandes, eine Verwandte des Pickerts",NULL
HT017173029,s220500,Montanindustrien im Hochsauerland und das Industriegebiet am Schmalenberg,"Hochsauerlandkreis, Regierungsbezirk Arnsberg",NULL
BT000024982,s632000,Fremdlinge - Mitbürger - Verfolgte,NULL,NULL
BT000164248,s162020,Kornblume und Klatschmohn verschwinden,Lebensraum Acker,NULL
HT015743934,s554000,ÖPNV für Touristen zum Nulltarif,die Sauerland-Card ; ein Modell für den sanften Tourismus,NULL
BT000178891,s543620,Peter Wilhelm Borbet erhält den ersten Wirtschaftspreis,"""herausragender Imageträger für das Hochsauerland""",NULL
HT015418604,s422000,Der Landrat - Wurzeln einer Institution mit den daraus resultierenden Aufgaben im Wandel der Zeit,NULL,NULL
BT000178921,s543620,"Erfinder, Patente und Innovationen",das Hochsauerland ist in erfinderischer Hinsicht keine Diaspora,NULL
HT017488018,s572050,Beteiligung der Naturschutzverbände an rechtlichen Verfahren,NULL,NULL
BT000014826,s102000,"""Saures"" Land","Wanderung durch Moor, Sumpf und Morast im Hochsauerland",NULL
HT015576751,s422000,Vom Wandel der Zeit,Kreisverwaltungen im Hochsauerland von 1817 bis 2007,NULL
HT018479677,s574060,Ländliche Immobilienmärkte im Kontext des demographischen Wandels,"Herausforderungen, Steuerungsmöglichkeiten und Handlungsfelder am Beispiel des Hochsauerlandes",NULL
BT000157406,s611030,25 Jahre Gemeindeverband Katholischer Kirchengemeinden Hochsauerland-Waldeck,NULL,NULL
BT000012330,s240000,Zur Geschichte der kleineren Orte des Medebacher Landes,NULL,NULL
BT000058234,s558020,"Hotels und Gasthöfe ""Zur Post"" erzählen Postgeschichte(n)","d. Kurhotel ""Hochsauerland"" in Winterberg-Hoheleye.",NULL
BT000006218,s240000,Plauderei über Helmeringhausen und seine Geschichte,NULL,NULL
BT000012329,s611060,Kloster Glindfeld,NULL,NULL
BT000012308,s544420,Geschichte des Waldes im Medebacher Raum,NULL,NULL
BT000012311,s240000,Geschichte der Stadt Medebach bis 1500,NULL,NULL
BT000012312,s240000,Medebach im Herzogtum Westfalen der Erzbischöfe von Köln im Mittelalter,NULL,NULL
BT000012325,s611010,Die katholische Kirche in Medebach vom Ende der truchsessischen Wirren bis zur Gegenwart,NULL,NULL
BT000093637,s584070,"Das Naturschutzgebiet ""Neuer Hagen"" bei Niedersfeld als Beispiel für Landschaftsgeschichte im Hochsauerland.",NULL,NULL
BT000073728,s102000,"Hochsauerland: Berge, Wälder, Seen - reizvolle Mittelgebirgslandschaft.",NULL,NULL
BT000107474,s163030,"Die Pilzmückenfauna des Hochsauerlandes (Diptera, Nematocera)",Teil 1.,NULL
BT000105523,s564040,Die Freiheit Hagen im Hochsauerland als Beispiel planmäßiger Dorfgestaltung des frühen 19. Jahrhunderts.,NULL,NULL
BT000178805,s547460,Herz für Hochsauerland,[Wirtschaftspreis 1999 für Peter Wilhelm Borbet],NULL
BT000083756,s406120,"Fortschritte in der ""Diaspora"" - die SPD im Hochsauerland.",NULL,NULL
BT000012328,s783000,Geschichte des Schulwesens in Medebach,NULL,NULL
BT000024990,s109000,Mein Leben als Deutscher jüdischen Glaubens,NULL,NULL
BT000025004,s631000,Die Fachwerksynagoge in Padberg,Geschichte eines Denkmals,NULL
HT013630104,s102000,Im Fokus: Hochsauerlandkreis,NULL,NULL
BT000025005,s217090,Das Jüdische Museum Westfalen,NULL,NULL
BT000093623,s544000,Lohnt die Landwirtschaft noch im Hochsauerland?,NULL,NULL
HT012745591,s240000,Brilon-Wald,Ortsteil der Stadt Brilon im Hochsauerland ; zur Geschichte von Brilon-Wald,NULL
BT000126874,s544640,Die Wildbestandsverhältnisse im Hochsauerland um 1800.,NULL,NULL
BT000049865,s163020,Land- und Süßwasserschnecken (Moll./Gastr.) aus dem Hochsauerland,NULL,NULL
BT000049907,s126000,Kreis- und Freizeitkarte Hochsauerland,"Orts- u. Gemeindeverz., Verz. d. Kreisbehörden, Freizeiteinrichtungen, Freizeittips; 1:100 000.",NULL
BT000103876,s406060,"""Friede und Regen""",e. hundertjährige Akte berichtet über Arbeitskämpfe im Hochsauerland.,NULL
HT011208490,s584070,"Vegetation, Flora und Schutzwürdigkeit des geplanten Waldnaturschutzgebietes ""Glindfeld"" im Hochsauerland",NULL,NULL
HT018267015,s262014,Landwehren in den Bergbauregionen des sauerländischen Mittelgebirges,NULL,NULL
HT017355774,s547400,Das Hochsauerland - eine vielfältie Industrielandschaft,NULL,NULL
HT019314996,s725050,"""Naturschätze, die es zu bewahren gilt""","praktischer Naturschutz im Hochsauerlandkreis : der ""Verein für Natur- und Vogelschutz"" erhält historisch gewachsene Kulturlandschaft",NULL
HT010826165,s543480,Geschäftsbericht,NULL,Deutscher Gewerkschaftsbund - Kreis Region Südöstliches Westfalen
BT000164264,s163030,Die kleinen Bewohner unserer Wälder,Buchenwald als Lebensraum für Käfer und andere Insekten,NULL
BT000034438,s736000,Regionalprojekt Hochsauerland,Förderung des Leistungssports,NULL
BT000164260,s163060,Leben zwischen Wasser und Land,Amphibien und Reptilien,NULL
HT015418694,s422000,Das Amt - eine ausgediente Institution,NULL,NULL
HT016582410,s126000,Freizeitkarte Hochsauerlandkreis,"Freizeitkarte, leisure map, carte loisirs Hochsauerlandkreis",NULL
HT016582412,s126000,Freizeitkarte Hochsauerlandkreis,"Freizeitkarte, leisure map, carte loisirs Hochsauerlandkreis",NULL
HT014499299,s735040,Wanderlust und Kunstgenuss,"23 Kilometer zwischen Bad Berleburg und Schmallenberg: Der WaldSkulpturenWeg, der das Hochsauerland mit Wittgenstein verbindet, garantiert spektakuläre Aussichten, tiefe Einblicke und neue Kunsterfahrungen",NULL
HT019381894,s163080,Der Feldsperling - mein unbekannter Nachbar,NULL,NULL
HT013927513,s124000,Ein Konzept zum Aufbau eines Koordinatenkatasters auf der Grundlage des Bezugssystems ETRS89 beim Hochsauerlandkreis,NULL,NULL
BT000166255,s766050,Sauerländer sind Mischung aus Nähe und Distanz,NULL,NULL
BT000162944,s584050,"""Der bedrängten Natur ein Überleben ermöglichen""",Naturschutzzentrum - Biologische Station - Hochsauerlandkreis e.V.,NULL
BT000164750,s768030,Kulturpreis Hochsauerland 1997 an Siegfried Kessemeier,NULL,NULL
BT000165033,s744000,Sau küert me in Breylen,Wörterbuch für die plattdeutsche Sprache ; Brilon im Hochsauerland,NULL
BT000163143,s766050,"""In meine Winterpoesie gehüllt ...""",Kulturprojekt Hochsauerlandkreis vom 14. Januar bis 11. März 1998,NULL
BT000164228,s142320,Blaue Bänder in der Mittelgebirgslandschaft,"Fließgewässer, die Lebensadern im Sauerland",NULL
BT000157402,s547420,"Gute Zeiten, schlechte Zeiten","zur ""Industriegeschichte"" des Hochsauerlandkreises",NULL
HT015773498,s126000,"Wanderkarte NRW, 38: Olsberg im Hochsauerland",NULL,NULL
HT017189243,s163080,Ausgewählte Ergebnisse der Bestandsaufnahmen genauer erfasster Arten für das Jahr ...,NULL,NULL
HT017189246,s584070,Der VNV stellt vor: Das Hillbringsetal bei Brilon-Petersborn,NULL,NULL
BT000034054,s574000,Grundstücksmarktbericht,"Übersicht über den Grundstücksmarkt in Bestwig, Brilon, Eslohe, Hallenberg, Marsberg, Medebach, Meschede, Olsberg, Schmallenberg, Sundern, Winterberg",NULL
BT000035100,s584040,"Mannsteine, Königsteine und germanische Kultstätten",NULL,NULL
HT012018832,s543000,Wirtschaftsgespräch in Schmallenberg am 10. August 1994,Vortrag,NULL
HT018579159,s704070,"Schützenwesen zwischen Heimatpflege, Patriotismus, Nationalsozialismus und katholischem Milieu",das Beispiel Bigge im Hochsauerland 1864 - 2014,NULL
HT013942406,s102000,Schriftenreihe,NULL,Hochsauerlandkreis
BT000049554,s142330,"Vegetationskundliche, floristische und faunistische Untersuchungen im Bereich der geplanten Renau-Talsperre (Hochsauerland/Westfalen). -",NULL,NULL
BT000152290,s162030,Die zierliche Glanzleuchteralge (Nitella Gracilis [Smith] AG.) im Hochsauerlandkreis,NULL,NULL
HT016408906,s785000,110 Jahre Berufsschule / Berufskolleg für Wirtschaft und Verwaltung Neheim-Hüsten,ein Beitrag zum beruflichen Schulwesen im Hochsauerland,NULL
HT018666348,s424022,Offen und ehrlich - die Kreisumlage,NULL,NULL
BT000012792,s102000,Spagat zwischen den Jahreszeiten,"Winterberg, Hochsauerland: Mal Pause machen von Stress und Entertainment",NULL
BT000012418,s240000,Geschichte von Stadt und Amt Medebach (Hochsauerland),NULL,NULL
BT000014012,s611090,Heilige am Wege,vom Hohen Lenscheid nach Schloß Laer,NULL
HT013496360,s102000,Gevelinghausen,1277 bis 2002 ; aus der Geschichte eines Rittergutsdorfes im Hochsauerland,NULL
HT018964786,s423430,Der Hochsauerlandkreis in der Bewährung,ein Rückblick auf die ersten Jahre im Nachspann auf das 40-jährige Bestehen 2015,NULL
HT016099505,s735020,"""Schmallenberg wird im olympischen Jahr das Sportzentrum""",erstes Hallenschwimmbad des Hochsauerlandes nach dem Zweiten Weltkrieg,NULL
HT014037885,s523060,Menschen mit Behinderung im Hochsauerlandkreis,NULL,NULL
HT017218070,s426090,40 Jahre Partnerschaft zwischen West Lothian und dem Hochsauerlandkreis,Orchesterreisen der Musikschule Hochsauerlandkreis sind fester Bestandteil einer grenzüberschreitenden Freundschaft,NULL
HT019271561,s544420,Biografie einer Buchenregion,am Beispiel des Gemeindewaldes Niedersfeld/Hochsauerland,NULL
HT015452980,s126000,Südöstliches Hochsauerland,NULL,NULL
HT013519398,s163030,Die Wespenspinne,ein Neuankömmling im Hochsauerlandkreis,NULL
HT015452995,s126000,"Sundern, Sorpesee und Umgebung",und Stadtplänen,NULL
BT000066326,s102000,10 [Zehn] Jahre nach der kommunalen Neugliederung,NULL,NULL
HT015348284,s541000,"Grundsatzrede zum ""Wirtschaftspolitischen Programm des Hochsauerlandkreises""",vorgetragen in der Sitzung des Kreistages des Hochsauerlandkreises am 7. April 2006,NULL
HT016718896,s584000,Lebendiger Naturschutz im Sauerland,ein Überblick über 25 Jahre VNV,NULL
HT016718902,s162000,Kleinode in unserer Landschaft,Pflanzenraritäten im Hochsauerlandkreis,NULL
HT016293803,s582000,Belastung der Bevölkerung im Hochsauerlandkreis durch perfluorierte Verbindungen,NULL,NULL
BT000018406,s425400,20 Jahre Hochsauerlandkreis,mit Augenmaß und Fantasie die Zukunft gestalten,NULL
BT000138381,s126000,Freizeitkarte Hochsauerlandkreis,"Freizeitkarte, leisure map, carte loisirs Hochsauerlandkreis",NULL
HT017596349,s426090,Das Jubiläum war ein Grund zum Feiern,40 Jahre Partnerschaft zwischen West Lothian und dem Hochsauerlandkreis,NULL
HT017318273,s584090,30 Jahre Landschaftsplanung praktisch - Erfolge und ihre Grenzen,NULL,NULL
HT014116544,s162020,Ein ungebetener Gast aus fernen Landen,Ist die Ausbreitung der Herkulesstaude im HSK noch zu stoppen?,NULL
BT000175011,s535000,Wasenplatz Pferdehimmel,NULL,NULL
BT000178020,s544000,Die Landwirtschaft,Broterwerb und Landschaftspflege,NULL
BT000171406,s102000,Der Hochsauerlandkreis,historisch-landeskundliche Einführung,NULL
HT012837852,s126000,Freizeitkarte Hochsauerlandkreis,"Orts- und Gemeindeverzeichnis, lagerichtig eingetragene Freizeiteinrichtungen vom Wanderparkplatz bis zur Feuerstelle, Freizeit-Tips für Sommer und Winter ; mit den Wanderwegen zwischen Möhnesee und Winterberg",NULL
BT000041837,s126000,"Wanderkarte Bestwig, Hochsauerland",zugleich Wanderkarte des Sauerländischen Gebirgsvereins,NULL
HT015096926,s744000,Op Platt,Mundarten im Sauerland ; Texte aus den Kreisen Hochsauerland und Olpe zum Lesen und zum Hören,NULL
HT016387183,s163080,Zur Brutverbreitung der Heidelerche Lullula arborea im Hochsauerlandkreis,NULL,NULL
HT018465277,s102000,Hochsauerlandkreis,die schönsten Seiten - at its best,NULL
HT019504019,s142110,Wie hoch ist denn nun das Hochsauerland?,die Achthunderter des Rothaargebirges,NULL
HT017509951,s222000,Die ersten Menschen im Hochsauerland,neue steinzeitliche Funde aus dem Winterberger Stadtgebiet,NULL
BT000024987,s638000,Die Elementarschulen der Israeliten in Marsberg,ein Beitrag zur Bildungsgeschichte der Juden im Sauerland,NULL
BT000024996,s631000,... Und dann fällt mir wieder Ellen ein,NULL,NULL
HT014698602,s766050,Serienmord im HSK ...,die Criminale 2005 zog eine literarische Blutspur durch das Hochsauerland,NULL
HT019386985,s425400,Drei Kreise in der Vergangenheit - ein HochSauerlandKreis in der Gegenwart,zum 200-jährigen Kreisjubiläum,NULL
HT018884212,s523060,Checkliste bauen für alle,barrierefrei,NULL
HT017340560,s425400,Aufgaben des Kreises und der Kommunen,NULL,NULL
HT009622125,s744000,Säu kuiert me bey us,Wörterbuch für die plattdeutsche Sprache ; Scharfenberg im Hochsauerland,NULL
HT014129482,s534030,Eltern / Ratgeber Klinikführer Geburt / Nordrhein-Westfalen / 01,Eltern,NULL
HT018883532,s782500,Richtlinien zur Kindertagespflege,NULL,NULL
HT016063985,s163030,Wiederfund für Nordrhein-Westfalen nach 75 Jahren,"der Lattich-Mönch Cucullia lactucae ([Denis & Schiffermüller], 1775) im Hochsauerländer Schluchtgebirge (Lep., Noctuidae)",NULL
BT000005178,s522010,"Der Paritätische Wohlfahrtsverband, Kreisgruppe Hochsauerlandkreis",NULL,NULL
HT016491996,s126000,Die Bike-Arena Sauerland,NULL,NULL
BT000014823,s548020,Bauernlob und Schneideteufel,der Sensenhandel im oberen Sauerland,NULL
BT000012303,s240100,Quellen und Literatur,unter Verwendung unveröffentlichter Aufzeichnungen über die Quellen zur Geschichte der Stadt Medebach von Harm Klueting,NULL
BT000012305,s262011,Wallburgen bei Medebach,NULL,NULL
BT000012306,s240000,Historische Aspekte des Medebacher Raumes vor der Stadtwerdung,[der Medebacher Raum vor 1144],NULL
BT000012310,s562060,Medebacher Markengenossenschaften,NULL,NULL
BT000012314,s205020,Münz- und Geldwesen der Stadt Medebach,NULL,NULL
BT000012309,s562040,Zur Wüstungsfrage im westfälischen Ostsauerland,NULL,NULL
BT000015124,s423430,Heiße Auseinandersetzungen,Erinnerungen an die Geburt des Hochsauerlandkreises,NULL
BT000012326,s613010,Die evangelische Kirche in Medebach seit dem 19. Jahrhundert,NULL,NULL
HT015551340,s163080,Ein wechselvolles Schicksal des Königs der Nacht,Biologie und Schutz des Uhus (Bubo bubo),NULL
HT014662884,s543680,Optionskommune Hochsauerlandkreis,ein Zwischenbericht über die organisatorische Umsetzung in dezentralen Strukturen,NULL
HT017355764,s547000,Handwerk früher und heute,NULL,NULL
HT017562091,s217000,Museumslandschaft des Hochsauerlandkreises,Brücke zwischen Museum und Landschaft,NULL
HT018956102,s572030,"Das Projekt ""Land(auf)Schwung"" im Hochsauerlandkreis",NULL,NULL
HT018739263,s843010,Aussichtstürme zier(t)en den Weg der Lenne,NULL,NULL
BT000021458,s584000,Das Naturschutzzentrum - Biologische Station - Hochsauerlandkreis e.V.,NULL,NULL
BT000024999,s207020,Die Grünebergs,NULL,NULL
BT000025003,s631000,Synagoge Meschede - (k)ein Denkmal?,Schülerarbeit im Wettbewerb Deutsche Geschichte,NULL
HT016905681,s735090,An der Wintersportgeschichte des Hochsauerlandes bescheiden mitgeschrieben,der Skiclub Altastenberg feierte sein 100-jähriges Bestehen mit vielen Gästen,NULL
BT000019979,s240000,Rückblick,aus dem Archiv des Hochsauerlandkreises,NULL
BT000025017,s632000,Jüdische Kindheit im Altkreis Brilon zur Zeit des Nationalsozialismus,NULL,NULL
BT000026557,s240000,Rückblick aus dem Kreisarchiv,"Zahlen, Daten, Fakten",NULL
BT000023273,s126000,Freizeitkarte Hochsauerlandkreis,"Freizeitkarte, leisure map, carte loisirs Hochsauerlandkreis",NULL
BT000024312,s554000,ÖPNV-Nachfragepotential in Erholungsräumen,Untersuchungen im Hochsauerlandkreis,NULL
HT018883953,s101000,Jahrbuch Hochsauerlandkreis,"Bibliografie : sachthematisches Verzeichnis aller Beiträge der Jahrgänge 1–30, 1985–2014",NULL
BT000114351,s584000,Der Verein für Natur- und Vogelschutz im Hochsauerlandkreis e.V. (VNV).,NULL,NULL
HT012016698,s584000,Das Naturschutzzentrum - Biologische Station - Hochsauerlandkreis e.V.,eine neue Einrichtung im Kreisgebiet mit Sitz in Schmallenberg-Bödefeld,NULL
HT017386450,s555020,"""Abfahrt 1911"" - Ausstellung im Maschinen- und Heimatmuseum",Festvortrag zur Ausstellungseröffnung am 14. Januar 2011,NULL
HT018811751,s572050,Landschaftspläne Hochsauerlandkreis,NULL,NULL
HT017217873,s217000,"Die Museumslandschaft des HSK - eine ""Heimat Starker Kultur""",NULL,NULL
HT012804849,s163030,"Neufund des Blauschillernden Feuerfalters Lycaena helle ((Denis & Schiffermüller), 1775) im Hochsauerlandkreis (Lep., Lycaenidae)",NULL,NULL
BT000093593,s555020,Die Eisenbahn Altenhundem - Schmallenberg - Fredeburg,"e. Kapitel Verkehrsgeschichte d. Hochsauerlandes, dargest. nach alten Jahrgängen d. Mescheder Kreisblattes u. d. Mescheder Zeitung",NULL
HT013464437,s523060,Menschen mit Behinderungen im Hochsauerlandkreis,NULL,NULL
HT014681487,s543680,Brückenjobs als Türöffner geschätzt,NULL,NULL
HT014210990,s406380,Kommunalwahl 2004,"Landrat, Kreistag, Bürgermeister sowie Stadt- und Gemeinderäte neu gewählt",NULL
HT014301611,s163080,Wanderfalken im HSK - Rückblick auf die Brutsaison 2004,NULL,NULL
HT014116337,s162040,Arnika (Arnica montana)im Hochsauerlandkreis,NULL,NULL
HT014116325,s163020,Die Sumpfschrecke im Hochsauerlandkreis,NULL,NULL
HT019467822,s162040,Die Trollblume im Hochsauerlandkreis,"Bestandserfassung, Gefährdung, Ursachen, Maßnahmen",NULL
BT000166057,s142540,Erste meteorologische Station des Hochsauerlandes 1863 in Olsberg in Betrieb genommen,NULL,NULL
BT000162948,s736000,Schule und Leistungssport,Regionalprojekt Hochsauerland - Organisation des sportlichen Umfeldes am Sportinternat Winterberg,NULL
BT000162953,s544000,Die Landwirtschaft,Broterwerb und Landschaftspflege,NULL
BT000164225,s544460,"""Über allen Wipfeln ist Ruh' ...""",der Sauerländer Wald,NULL
BT000157104,s207020,Adelsfamilien im Hochsauerlandkreis einst und jetzt,NULL,NULL
BT000125012,s163030,"Die Pilzmückenfauna des Hochsauerlandes (Diptera, Nematocera)",Teil 2.,NULL
BT000032054,s141210,750 Jahre Heimatgeschichte - 390 Millionen Jahre Erdgeschichte in Züschen (Hochsauerland),NULL,NULL
HT017833486,s543620,Vom Bauernlümmel aus dem tiefsten Hochsauerland zum Millionär und zurück!,NULL,NULL
BT000176317,s162000,"Vegetation, Flora und Schutzwürdigkeit des geplanten Waldnaturschutzgebietes ""Glindfeld"" im Hochsauerland",NULL,NULL
HT015418797,s425400,Aufgaben einer modernen Kreisverwaltung,der Hochsauerlandkreis als Dienstleister,NULL
HT018483699,s584080,Ausstellung Bergbauwelten,in der Geopark-Region Hochsauerland des Nationalen Geoparks Grenzwelten,NULL
HT016408779,s725070,Integration gemeinsam gestalten,Integratonskonzept im Hochsauerlandkreis trägt Früchte,NULL
HT014116539,s163080,Jahresbericht der Onithologischen Arbeitsgemeinschaft (OAG) für das Jahr 2000,NULL,NULL
HT014116426,s163080,Der Brutbestand ausgewählter Vogelarten im HSK 1999,NULL,NULL
HT014116725,s163080,Jahresbericht der Ornithologischen Arbeitsgemeinschaft (OAG) für das Jahr ...,NULL,NULL
HT014116496,s163080,Rückblick auf die Wanderfalkenbruten 1999 bis 2000 im Hochsauerlandkreis,NULL,NULL
HT013611071,s574000,Bauen und Wohnen im Hochsauerlandkreis,NULL,NULL
HT016225383,s426000,"Amtsblatt der Stadt Brilon, Hochsauerland",amtliches Veröffentlichungsorgan der Stadt Brilon,NULL
HT016986620,s584000,VNV-Arbeiten auf drei VNV-Flächen im Frühjahr 2010,NULL,NULL
HT017340622,s548400,Die öffentlichen Sparkassen,NULL,NULL
HT017340551,s102000,Der Hochsauerlandkreis im Überblick,NULL,NULL
HT014953126,s548800,Unbekanntes Sauerland!?,Beispiele für Kultur in einer aktiven Region,NULL
BT000139151,s555020,Die Eisenbahn Altenhundem-Schmallenberg-Fredeburg,"ein Kapitel Verkehrsgeschichte des Hochsauerlandes, dargestellt nach alten Jahrgängen des Mescheder Kreisblattes und der Mescheder Zeitung",NULL
BT000073727,s102000,Der Hochsauerlandkreis,NULL,NULL
BT000172330,s584070,"Die Vegetation des geplanten Waldnaturschutzgebietes Schanze (Rothaargebirge, Hochsauerland)",NULL,NULL
HT018666362,s406380,Kommunalwahl 2014,"Landrat, Kreistag, Bürgermeister sowie Stadt- und Gemeinderäte neu gewählt",NULL
HT014116102,s162040,Die Gattung der Frauenmäntel (Alchemilla) im Hochsauerlandkreis,NULL,NULL
HT014116347,s163030,Neufund des blauschillernden Feuerfalters (Lycaena helle) im Hochsauerlandkreis,NULL,NULL
HT014116360,s163080,Bestandsituation des Rotmilans im Hochsauerlandkreis,NULL,NULL
HT012775273,s102000,Bestwig - Bilder aus unserer Gemeinde,Wanderungen mit dem Zeichenstift durch eine lebendige Gemeinde im Hochsauerland,NULL
HT015908454,s163030,Ein sehr seltener Fund,Erstnachweis des Kolbenwasserkäfers im HSK,NULL
HT013587096,s555020,"Jubiläum ""100 Jahre Nahverkehr im östlichen Hochsauerland""",von der Kleinbahn zum Schnellbus,NULL
HT013516111,s163080,20. Ornithologischer Sammelbericht für den Hochsauerlandkreis über den Zeitraum März 1992 - August 1992,NULL,NULL
HT013516103,s163080,19. Ornithologischer Sammelbericht für den Hochsauerlandkreis über den Zeitraum September 1991 - Februar 1992,NULL,NULL
HT013519373,s163080,21. Ornithologischer Sammelbericht für den Hochsauerlandkreis über den Zeitraum September 1992 - Februar 1993,NULL,NULL
BT000015413,s207020,"Johann von Grafschaft, 1541 - 1544 Richter zu Bödefeld, ein Schlüsselahne für das Kirchspiel Bödefeld im Hochsauerland",NULL,NULL
BT000012304,s228000,Archäologische Funde aus Medebach und Küstelberg,NULL,NULL
BT000012332,s426000,25 Jahre neugegliederte Stadt Medebach,Integrationsprozeß und Aufgabenschwerpunkte,NULL
BT000012333,s240000,Ausgewählte Daten zur Geschichte von Stadt und Amt Medebach,NULL,NULL
HT006765276,s102000,Heimaterinnerungen aus der Bergfreiheit Silbach im Hochsauerland,"Gedichte, Bilder und Erzählungen",NULL
HT013072902,s708029,Wassermühlen im Hochsauerlandkreis,NULL,NULL
HT016107317,s543000,Hochsauerlandkreis,"ein Wirtschaftsstandort ; viele Facetten ; Wirtschaftsregion, Leben und Freizeit",NULL
HT018097676,s572030,Die Regionale 2013 im Hochsauerlandkreis,ein Wandel mit Chancen,NULL
HT016111366,s406130,Erinnerungen an zwei große Hochsauerländer,Trauer um Egon Mühr und Michael Streit,NULL
HT013795284,s564080,Hochsauerlandkreis: Zwei Golddörfer im Landeswettbewerb,NULL,NULL
BT000024980,s797010,Zander Abrahams Sohn aus Lenhausen - Alexander Haindorf,NULL,NULL
BT000025000,s631000,Die ehemalige neue Synagoge der Judenschaft,"Niedermarsberg, Weist 18",NULL
BT000060336,s423430,10 [Zehn] Jahre kommunale Neuordnung im Sauerland.,NULL,NULL
HT015849221,s826000,Ein Jahrzehnt Sauerland-Herbst,"Musiker aus allen Ecken der Welt zu Gast im ""Land der 1000 Berge""",NULL
HT015773560,s126000,"Wanderkarte NRW, 26: Bestwig im Hochsauerland",NULL,NULL
HT018883439,s725010,Von Anfang an gut informiert,Infobroschüre für junge Familien im HSK,NULL
HT016898543,s503200,Demographischer Wandel im Hochsauerlandkreis,Handlungsfelder und Strategien,NULL
HT014037896,s523060,Aspekte zur Selbsthilfe Behinderter im Hochsauerlandkreis,NULL,NULL
BT000094540,s724000,Eine Region im Hochsauerland mit typischer Sozialstruktur.,NULL,NULL
BT000094396,s425400,Von der Kreisstube zum Dienstleistungszentrum,Landräte u. Oberkreisdirektoren im Hochsauerland von 1817 - 1988,NULL
HT014116710,s162040,Erstnachweis des Korallenwurz (Corallorhiza trifida Chatelain) im Hochsauerlandkreis,NULL,NULL
HT015772810,s126000,"Wanderkarte NRW, 33: Meschede im Hochsauerland",NULL,NULL
BT000166173,s423430,Vor zwanzig Jahren,kommunale Neuordnung in Stadt und Kreis Brilon,NULL
BT000164230,s142340,"""Oh schaurig ist's übers Moor zu gehen ...""",Moore - seit jeher Schauplätze von Gruselgeschichten,NULL
BT000160832,s766050,"""In meine Winterpoesie gehüllt ...""","erstes Resümee über die ""Winterpoesie""",NULL
BT000164231,s162000,Artenreiches Kulturgut,die Wiesen und Weiden des Rothaargebirges,NULL
BT000164256,s163080,Auf nassen Wiesen zu Hause,das Braunkehlchen,NULL
BT000164267,s162020,Spezialisten auf kargem Grund,zur Flora der Briloner Kalkkuppen,NULL
BT000164273,s544280,Die Rückkehr des Roten Höhenviehs ins Sauerland,eine alte Haustierrasse im Dienste des Naturschutzes,NULL
BT000158748,s126000,Freizeitkarte Hochsauerlandkreis,"Orts- und Gemeindeverzeichnis, lagerichtig eingetragene Freizeiteinrichtungen vom Wanderparkplatz bis zur Feuerstelle, Freizeit-Tips für Sommer und Winter ; mit den Wanderwegen zwischen Möhnesee und Winterberg",NULL
HT017230039,s555020,Abfahrt 1911 - eine Zeitreise mit der Eisenbahn im Sauerland,Sonderausstellung mit Begleitbuch im Maschinen- und Heimatmuseum Eslohe,NULL
HT012954854,s562300,Das Kulturlandschaftspflegeprogramm des Hochsauerlandkreises,NULL,NULL
HT014210796,s425490,Vorreiter in einem vereinten Europa,die Zusammenarbeit zwischen dem Kreis Olesno und dem Hochsauerlandkreis,NULL
HT014301560,s163080,Ein wechselvolles Schicksal des Königs der Nacht,Biologie und Bestandsveränderungen des Uhus ('Bubo bubo') unter besonderer Berücksichtigung des Hochsauerlandkreises,NULL
HT019381119,s163080,Ergebnisse der Bestandsaufnahmen genauer erfasster Vogelarten für das Jahr 2014 und 2015,NULL,NULL
HT014210622,s425490,Zehn Jahre deutsch-israelische Partnerschaft,Kreis Megiddo - Hochsauerlandkreis,NULL
HT013613816,s126000,Freizeitkarte Hochsauerlandkreis,"Freizeitkarte, leisure map, carte loisirs Hochsauerlandkreis",NULL
HT018432163,s572060,Ländliche Wohnungsmärkte unter Schrumpfungsbedingungen,planerische Steuerungsmöglichkeiten und Handlungsfelder am Beispiel des Hochsauerlandes,NULL
HT018884249,s523000,Beratungswegweiser,NULL,NULL
HT015132368,s584060,"Die Hochheiden, Felsheiden, Bergwiesen, Moore und Wälder im Hochsauerland und in der Hocheifel als bedeutsame Refugien für montane Schmetterlingsarten in Nordrhein-Westfalen",NULL,NULL
BT000145701,s766050,"""Winterpoesie"" - ""LiteraTourA45""",Hochsauerland und Südwestfalen 1998 als Literaturmekka ; regionale Kulturpolitik ermöglicht große Literaturveranstaltungen,NULL
BT000164268,s584000,"""Nicht nur ein Klafter Holz ...""",Naturschutz im Wald,NULL
HT013055535,s722000,Goldene Zeiten,Sauerländer Wirtschaftsbürger vom 17. bis 19. Jahrhundert,NULL
HT015393460,s584050,Populationsgrößen und -entwicklung seltener und gefährdeter Orchideen auf Vertragsnaturschutzflächen in der Eifel und ausgewählten Gebieten im Hochsauerland,NULL,NULL
HT015367522,s422000,"Werden, Wachsen, Wirken","vom Wandel der Zeit - Kreisverwaltungen im Hochsauerland von 1817 bis 2007 ; [... Ausstellung ""Werden, Wachsen, Wirken. Vom Wandel der Zeit - Kreisverwaltungen im Hochsauerlandkreis von 1817 bis 2007"", welche vom 25. November 2007 bis 20. Februar 2008 in Arnsberg im Sauerland-Museum des Hochsauerlandkreises gezeigt wird]",NULL
HT014492243,s102000,Der Hochsauerlandkreis,"Entwicklung und Wandel einer Region ; eine heimatkundliche Entdeckungsreise mit über 400 Abbildungen zur Geschichte, Geografie, Wirtschaft und Kultur",NULL
HT018554010,s584060,Bedrohung Windenergie: Riesen-Baustelle im Naturschutz,NULL,NULL
HT015434002,s126000,"Kreiskarte, 12: Hochsauerlandkreis, Regierungsbezirk Arnsberg",NULL,NULL
HT018955990,s554000,MobilitätsPaten im ländlichen Raum,Ehrenamtler führen ihre Nachbarn an das ÖVPN-System heran,NULL
HT017830143,s126000,Freizeitkarte Hochsauerlandkreis,"mit Wander- und Radwanderwegen, Freizeit-Tipps",NULL
HT014588293,s554000,Nahverkehr aus einem Guss,die intensive Kooperation im Hochsauerlandkreis trägt Früchte,NULL
HT018860490,s523001,Aufsichtsbehörde nach dem Wohn- und Teilhabegesetz (ehem. Heimaufsicht),Tätigkeitsbericht,NULL
HT016492009,s102070,"Bike-Arena Sauerland, HSL: Kartenblatt Hochsauerland",22 Biketouren ; Tourenbeschreibung mit Höhenprofilen ; UTM-Gitter für GPS-Nutzung,NULL
BT000012313,s204000,Siegel und Wappen der Stadt Medebach,NULL,NULL
BT000012317,s612000,Reformation und Konfessionalisierung in Stadt und Amt Medebach,mit einem Ausblick auf die Geschichte des Protestantismus in der Freigrafschaft Düdinghausen,NULL
BT000012318,s422000,Die Ackerbürgerstadt Medebach vom 17. bis zum 19. Jahrhundert,NULL,NULL
BT000012322,s542000,Wirtschaft und Technik in Stadt und Amt Medebach im 19. und 20. Jahrhundert,NULL,NULL
BT000012323,s552000,Wege und Straßen in Stadt und Amt Medebach,NULL,NULL
HT018861234,s584060,Windkraft - jetzt geht es richtig los,NULL,NULL
HT016772725,s555020,Die Eisenbahn-Nostalgie lebt weiter,NULL,NULL
HT019556351,s613000,"Aus vergangenen Tagen der ""sauerländischen Erweckungsbewegung"".","zugleich ein Beitrag zur Frühgeschichte des ""Sauerlandkreises"" der Freien evangelischen Gemeinden",NULL
BT000018237,s882040,"""Radio Sauerland"" im Hochsauerlandkreis",NULL,NULL
BT000019642,s126000,Hochsauerlandkreis 1:50000,Hochsauerlandkreis,NULL
BT000075349,s425400,Führungswechsel beim Hochsauerlandkreis,Dr. Adalbert Müllmann verabschiedet - Egon Mühr neuer Oberkreisdirektor - Winfried Stork Kreisdirektor.,NULL
HT016024989,s126000,"Naturpark Sauerland, Rothaargebirge, 4: Rund um Winterberg, Willingen und Diemelsee",NULL,NULL
BT000171407,s543000,Der Hochsauerlandkreis,Bevölkerungs- und Wirtschaftsstruktur,NULL
BT000134779,s548800,Erholungslandschaft Hochsauerland,"dargestellt am Beispiel ""Winterberg und seine Dörfer am Kahlen Asten""",NULL
HT018883904,s524010,Sexuelle Gewalt gegen Kinder - erkennen und helfen,Leitfaden zum Umgang mit dem Verdacht auf sexuellen Missbrauch / für Prävention und Hilfe im Hochsauerlandkreis,NULL
HT018111581,s574060,Wohnungsmarktprofil ... Hochsauerlandkreis,ausgewählte kommunale Wohnungsmarktindikatoren,NULL
HT016716420,s555020,Abfahrt 1911,eine Zeitreise mit der Eisenbahn im Sauerland ; 100 Jahre Eröffnung der Strecken Finnentrop– Eslohe– Wennemen und Fredeburg– Wenholthausen ; [Begleitbuch zur Ausstellung ... vom 14. Januar bis 25. September 2011 im Maschinen- und Heimatmuseum Eslohe],NULL
BT000024988,s503430,Deutsch-jüdische Emigration aus dem Sauerland in die USA,NULL,NULL
BT000024994,s632000,Spurensuche,NULL,NULL
HT018210508,s163080,Optimierungs- und Pflegemaßnahmen in VNV-Schutzgebieten,"unsere ""Last"" mit vom Menschen geschaffenen Lebensräumen",NULL
BT000012324,s555020,Die Kleinbahn Steinhelle-Medebach,NULL,NULL
HT017331627,s102000,Der Hochsauerlandkreis,"Entwicklung und Wandel einer Region ; eine heimatkundliche Entdeckungsreise mit über 400 Abbildungen zur Geschichte, Geografie, Wirtschaft und Kultur",NULL
HT017355759,s564080,Golddörfer im Hochsauerlandkreis,NULL,NULL
HT006995472,s424000,Haushaltssatzung und Haushaltsplan des Hochsauerlandkreises,NULL,NULL
HT016016983,s424000,Haushalt ...,NULL,"HSK, Hochsauerlandkreis"
HT015525575,s733030,"Nachtflug / Ausgabe HSK, Soest",das Event-Magazin für Südwestfalen,NULL
HT013765660,s163030,Störungen als ökologischer Schlüsselfaktor beim Komma-Dickkopffalter ('Hesperia comma'),NULL,NULL
HT017189234,s584000,Beteiligung der Naturschutzverbände an rechtlichen Verfahren,NULL,NULL
HT016718947,s163080,Bericht der Ornithologischen Arbeitsgemeinschaft im VNV (OAG) ...,NULL,NULL
HT019555327,s613000,Aus vergangenen Tagen,NULL,NULL
HT018767332,s220500,Archäologische und historisch-geographische Aspekte der mittelalterlichen Kulturlandschaftsgenese westfälischer Lößbörden und des Hochsauerlandes,NULL,NULL
HT016111276,s406130,"Zuhören, entscheiden, handeln","eine Woche des Landrats im Hochsauerlandkreis, im Land und in Berlin",NULL
HT018634197,s102000,Hochsauerlandkreis,Sachheft mit Lösungen ; mit ca. 100 Link-Tipps,NULL
HT018884014,s524070,"Informationen für Eltern, die nicht miteiander verheiratet sind",NULL,NULL
HT014637272,s768010,Windvögel,Sauerland-Krimi,NULL
HT012998888,s102000,Der Hochsauerlandkreis,"Entwicklung und Wandel einer Region ; eine heimatkundliche Entdeckungsreise mit über 400 Abbildungen zur Geschichte, Geografie, Wirtschaft und Kultur",NULL
HT014301387,s162040,Orchideen im Hochsauerlandkreis,NULL,NULL
HT014259023,s785020,Von der gewerblichen Sonntagsschule zum Berufskolleg,NULL,NULL
BT000138156,s423430,Vor zwanzig Jahren,kommunale Neuordnung im Raum Marsberg und im Kreis Brilon,NULL
BT000164282,s548840,Entdecken Sie die Natur im Sauerland!,unsere Tips für Ausflügler,NULL
HT003590497,s548800,Gästebefragung im Hochsauerlandkreis,[Sommer 1984 - Frühjahr 1985],NULL
HT018811587,s725070,Integrationskonzept des Hochsauerlandkreises,NULL,NULL
HT015884521,s558050,Flächendeckende Breitbandversorgung,eine Herausforderung für den Hochsauerlandkreis,NULL
HT018995635,s522000,Selbsthilfegruppen von A-Z im Hochsauerlandkreis,NULL,NULL
HT007304253,s102070,Hochsauerlandkreis,NULL,NULL
HT018883365,s572030,Hochsauerlandkreis,regionales Zukunftskonzept Land(auf)Schwung,NULL
HT017699034,s736000,Bewegt gesund bleiben in NRW!,"Präventions- und Rehabilitationssportangebote ; Region Sauerland Nord: Kreis Hochsauerland, Kreis Soest",NULL
HT018398876,s141425,Eine bemerkenswerte Kluftmineralisation bei Bestwig im Hochsauerland,NULL,NULL
HT016562420,s426000,Die Stadt Schmallenberg und der Hochsauerlandkreis,NULL,NULL
HT016354796,s632050,Antijüdische Exzesse im Hochsauerland am Ende des Alten Reiches und ihre Sühne,NULL,NULL
HT018883813,s543600,Der Minijob - Da ist mehr für Sie drin!,mit allen Änderungen ab 1. Januar 2013,NULL
HT018811563,s725070,Informationen und Hinweise für ehrenamtliche Helferinnen und Helfer von Asylbewerberinnen und -bewerbern im Hochsauerlandkreis,NULL,NULL
HT016718930,s584000,Naturschutz findet nicht nur draußen statt!,Arbeit am Schreibtisch und in Gremien,NULL
BT000012307,s562000,Topographische Entwicklung Medebachs bis 1844,NULL,NULL
BT000012327,s632000,Juden in Medebach,NULL,NULL
BT000012331,s423430,Die kommunale Neugliederung und ihre Auswirkungen,NULL,NULL
BT000015127,s425490,Brücke zwischen Ost und West,Patenschaft Rosenberg O/S im Wandel der Zeit,NULL
BT000015135,s240000,Die Amis kommen!,the Fifth Infantry Division in the ETO,NULL
HT015575538,s162020,Flora im östlichen Sauerland,NULL,NULL
HT015434161,s126000,"Kreiskarte, 12: Hochsauerlandkreis, Regierungsbezirk Arnsberg",NULL,NULL
HT017150547,s843060,"Arnsberg (Hochsauerland), Königstraße 36 und Twiete 1",Gartenhäuser,NULL
HT015532726,s424024,Einführung des NKF beim Hochsauerlandkreis,Schritt für Schritt zum neuen Rechnungswesen,NULL
HT016293794,s582000,Belastung der Bevölkerung im Hochsauerlandkreis durch perfluorierte Verbindungen,NULL,NULL
HT018860842,s162000,Bemerkenswertes aus der heimischen Pflanzenwelt - eine Bilanz aus fast drei Jahren floristischer Kartierung im Hochsauerlandkreis,NULL,NULL
BT000029743,s207020,Zur Genealogie der Schulten zu Mimberg vom 16. bis zum 18. Jahrhundert,NULL,NULL
HT006919074,s425400,"Amtsblatt für den Hochsauerlandkreis, HSK",NULL,NULL
HT016897744,s725070,Integrationskonzept des Hochsauerlandkreises,NULL,NULL
HT018237571,s555020,Als Grevenbrück an das Eisenbahnnetz im Hochsauerland angeschlossen werden sollte ...,NULL,NULL
BT000164233,s584000,Auf den Spuren von Blutwurz und Rauschbeere,Lebensraum Heide,NULL
HT017189269,s584060,Der Kormoran,"über eine faszinierende, gehasste und verfolgte Art",NULL
HT017173023,s562040,"Das Projekt ""Wüstungen und Kulturlandschaft im östlichen Hochsauerlandkreis""","Hochsauerlandkreis, Regierungsbezirk Arnsberg",NULL
HT016772706,s555020,Der Bus ersetzt die Eisenbahn,NULL,NULL
HT016772776,s555020,Von der Schiene zum Zweirad,NULL,NULL
HT018650237,s554000,Paten helfen bei der Mobilität im ländlichen Raum,Ehrenamtler führen ihre Nachbarn an das ÖPNV-System heran,NULL
HT018553852,s163080,Ergebnisse der Bestandsaufnahmen ausgewählter Brutvogelarten im Hochsauerlandkreis in 2013,NULL,NULL
HT018883844,s543600,Minijob,Chancen & Risiken,NULL
HT014210779,s426000,"""Europa geht uns alle an!""",Europaarbeit des Hochsauerlandkreises,NULL
HT018811619,s543020,Zukunftsprogramm für den Hochsauerlandkreis,Bildung ~ Energie und Klima ~ Familie und Jugend ~ Gesundheit ~ Integration ~ Kultur ~ Land- und Forstwirtschaft ~ Soziales ~ Tourismus und Sport ~ Umwelt ~ Verkehr ~ Verwaltung ~ Wirtschaft,NULL
