Hochsauerland Raum Brilon - Winterberg - Meschede	<http://purl.org/lobid/nwbib#s102000>
	<http://purl.org/lobid/nwbib#s102000>
	<http://purl.org/lobid/nwbib#s102000>
Bike-Arena Sauerland, Hochsauerland: Kartenblatt Hochsauerland 19 Biketouren	<http://purl.org/lobid/nwbib#s126000>
Landpartie Kirchenmusik im Dekanat Hochsauerland-Mitte (Erzbistum Paderborn)	<http://purl.org/lobid/nwbib#s827000>
	<http://purl.org/lobid/nwbib#s534030>
25 Jahre internationale Jugendbegegnungen [Jerusalem - Hochsauerland]	<http://purl.org/lobid/nwbib#s733000>
	<http://purl.org/lobid/nwbib#s882060>
175 Jahre Sparkasse Hochsauerland ein Spiegel der regionalen Wirtschafts- und Sozialgeschichte	<http://purl.org/lobid/nwbib#s548400>
Die Hochsauerland-Höhenstraße sie beginnt und endet in Winterberg, der höchsten Stadt des Hochsauerlandes	<http://purl.org/lobid/nwbib#s102070>
	<http://purl.org/lobid/nwbib#s126000>
Winterpoesie Hochsauerland Literatur und Fotografie ; 14. Januar - 11. März 1998	<http://purl.org/lobid/nwbib#s766050>
"Erholungslandschaft Hochsauerland dargestellt am Beispiel ""Winterberg und seine Dörfer am Kahlen Asten"""	<http://purl.org/lobid/nwbib#s548800>
Hochsauerland-Höhenstraße ein Erlebnisführer	<http://purl.org/lobid/nwbib#s102070>
Kunstlandschaft Hochsauerland Führer zu kunst- und kulturhistorisch interessanten Stätten	<http://purl.org/lobid/nwbib#s844000>
	<http://purl.org/lobid/nwbib#s102070>
Regionalprojekt Hochsauerland Förderung des Leistungssports	<http://purl.org/lobid/nwbib#s736000>
Bike-Arena Sauerland, Hochsauerland: Kartenblatt Hochsauerland 23 Biketouren ; Tourenbeschreibung mit Höhenprofilen ; UTM-Gitter für GPS-Nutzung	<http://purl.org/lobid/nwbib#s126000>
Bike-Arena Sauerland, Hochsauerland: Kartenblatt Hochsauerland 22 Biketouren ; Tourenbeschreibung mit Höhenprofilen ; UTM-Gitter für GPS-Nutzung	<http://purl.org/lobid/nwbib#s102070>
Geheimnisvolle Nachtjäger die Fledermäuse im Hochsauerland	<http://purl.org/lobid/nwbib#s163090>
"""Gutes tun - wir sagen Danke!"" 175 Jahre Sparkasse Hochsauerland"	<http://purl.org/lobid/nwbib#s548400>
Wächter auf hoher Warte der Raubwürger im Hochsauerland	<http://purl.org/lobid/nwbib#s163080>
	<http://purl.org/lobid/nwbib#s163030>
Mountainbiking und Tourismus die Akzeptanz von Mountainbike-Wegnetzen am Beispiel der Mountainbike-Arena Hochsauerland	<http://purl.org/lobid/nwbib#s548800>
Ein Waldland füllt sich mit Menschen Zahlenspiegel zur Bevölkerungsentwicklung im Hochsauerland	<http://purl.org/lobid/nwbib#s502000>
	<http://purl.org/lobid/nwbib#s799000>
	<http://purl.org/lobid/nwbib#s552000>
"Das Forstamt Meschede der Landwirtschaftskammer von der Gründung bis zur Umorganisation 1920 - 1971 ; Privatwaldbetreuung im Hochsauerland ; mit e. Ausblick: Die ""Nachfolgeforstämter"" 1987"	<http://purl.org/lobid/nwbib#s544400>
Geschäftsbericht des DGB-Kreises Hochsauerland vorgelegt der ordentlichen Kreisdelegiertenversammlung	<http://purl.org/lobid/nwbib#s543480>
	<http://purl.org/lobid/nwbib#s534030>
Geschäftsbericht des DGB-Kreises Hochsauerland vorgelegt der ordentlichen Delegiertenversammlung	<http://purl.org/lobid/nwbib#s543480>
	<http://purl.org/lobid/nwbib#s736030>
	<http://purl.org/lobid/nwbib#s162030>
	<http://purl.org/lobid/nwbib#s548400>
	<http://purl.org/lobid/nwbib#s843010>
	<http://purl.org/lobid/nwbib#s161040>
	<http://purl.org/lobid/nwbib#s548200>
Wie hoch ist denn nun das Hochsauerland? die Achthunderter des Rothaargebirges	<http://purl.org/lobid/nwbib#s102000>
	<http://purl.org/lobid/nwbib#s882040>
Hochsauerland-Buchungsservice (HBS) besondere Marketinghilfen für mittelständ. Fremdenverkehrsbetriebe; Aufgaben u. Arbeitsweise e. Buchungssystems.	<http://purl.org/lobid/nwbib#s548800>
"Hotels und Gasthöfe ""Zur Post"" erzählen Postgeschichte(n) d. Kurhotel ""Hochsauerland"" in Winterberg-Hoheleye."	<http://purl.org/lobid/nwbib#s558020>
Wirkung einer 1958 durchgeführten Waldkalkung auf Bodenvegetation, Humusform und Säure-Base-Status des Mineralbodens Ergebnisse einer Rasterkartierung im Hochsauerland	<http://purl.org/lobid/nwbib#s142060>
"Peter Wilhelm Borbet erhält den ersten Wirtschaftspreis ""herausragender Imageträger für das Hochsauerland"""	<http://purl.org/lobid/nwbib#s543620>
Winterpoesie Text-Foto-Edition Winterresidenz Hochsauerland	<http://purl.org/lobid/nwbib#s733030>
	<http://purl.org/lobid/nwbib#s632000>
Hochsauerland, Arnsberger Wald Wandern, Rad ; GPS-genau	<http://purl.org/lobid/nwbib#s126000>
	<http://purl.org/lobid/nwbib#s632050>
Im Zickzack durchs Hochsauerland die Kleinbahn Steinhelle - Medebach	<http://purl.org/lobid/nwbib#s555000>
Wanderkarte Bestwig, Hochsauerland zugleich Wanderkarte des Sauerländischen Gebirgsvereins	<http://purl.org/lobid/nwbib#s126000>
Gran Dorado Hochsauerland Deutschlands größter Ferienpark in Medebach	<http://purl.org/lobid/nwbib#s735020>
Hochsauerland, Arnsberger Wald Wandern, Rad ; GPS-genau	<http://purl.org/lobid/nwbib#s126000>
Stadtplan Meschede, Hochsauerland Stadtplan, plan de ville, town map Meschede, Hochsauerland	<http://purl.org/lobid/nwbib#s126000>
"""Winterolympiade"" des Regionalprojektes Hochsauerland Vielseitigkeitswettkampf für Schulmannschaften im Nordischen Skilauf (Wettkampfklasse IV)"	<http://purl.org/lobid/nwbib#s736030>
Reiseziele Golddörfer im Hochsauerland nach der Aktion: Unser Dorf soll schöner werden, Sieger auf Landes- und Bundesebene	<http://purl.org/lobid/nwbib#s548840>
Sehenswertes im Hochsauerland zwischen Haarstrang und Kahlem Asten	<http://purl.org/lobid/nwbib#s102070>
Erinnerungen an zwei große Hochsauerländer Trauer um Egon Mühr und Michael Streit	<http://purl.org/lobid/nwbib#s406130>
Stadtplan Meschede, Hochsauerland mit allen Stadtteilen ; Innenstadtvergrößerung 1:10000, Verzeichnis der Straßen und öffentlichen Einrichtungen, Parkplätze, P+R-Parkplätze, Parkhäuser, Einbahnstraßen, Fernsprechzellen, Fußgängerzone, Haltestellen, Freizeit-Tips	<http://purl.org/lobid/nwbib#s126000>
Stadtplan Meschede, Hochsauerland mit allen Stadtteilen ; Stadtkernvergrößerung 1:10000, Verzeichnis der Straßen und öffentlichen Einrichtungen, Parkplätze, Einbahnstraßen, Fernsprechzellen, Fußgängerzone, Haltestellen, Freizeit-Tips	<http://purl.org/lobid/nwbib#s126000>
Stadtplan Meschede, Hochsauerland Innenstadtvergrößerung 1:10000, Verzeichnis der Straßen und öffentlichen Einrichtungen, Parkplätze, P+R-Parkplätze, Parkhäuser, Einbahnstraßen, Fernsprechzellen, Fußgängerzonen, Haltestellen, Freizeit-Tips, verkehrsberuhigte Zone	<http://purl.org/lobid/nwbib#s126000>
Kreis- und Freizeitkarte Hochsauerland Orts- u. Gemeindeverz., Verz. d. Kreisbehörden, Freizeiteinrichtungen, Freizeittips; 1:100 000.	<http://purl.org/lobid/nwbib#s126000>
Rad- und Wanderkarte Hochsauerland 1. Qualitätsregion Wanderbares Deutschlands ; vollständige Darstellung Wanderwegenetz ; UTM-Gitter für GPS-Nutzung	<http://purl.org/lobid/nwbib#s126000>
Skijäger im Hochsauerland Biathlon - die Geschichte eines ungewöhnlichen Sports	<http://purl.org/lobid/nwbib#s736030>
Herz für Hochsauerland [Wirtschaftspreis 1999 für Peter Wilhelm Borbet]	<http://purl.org/lobid/nwbib#s547460>
Stadtplan Meschede, Hochsauerland Stadtplan, plan de ville, town map Meschede, Hochsauerland	<http://purl.org/lobid/nwbib#s126000>
Winterpoesie im Hochsauerland über dreißig Veranstaltungen in neun Städten und Gemeinden ; Westfälisches Literaturbüro für Konzeption und Programm zuständig	<http://purl.org/lobid/nwbib#s766050>
Kulturgut Buch Lesen und Schreiben in der Region	<http://purl.org/lobid/nwbib#s861000>
Von landrätlichen Kreisstuben zu Kreishäusern die räumliche Unterbringung der Kreisverwaltungen von den Anfängen bis heute	<http://purl.org/lobid/nwbib#s425400>
Die Verwaltungslandschaft im Hochsauerland verändert ihr Gesicht die kommunale Neugliederung 1975 und die Entstehung des Hochsauerlandkreises	<http://purl.org/lobid/nwbib#s422000>
Schlausmen Glossar zur Sondersprache der Sensenhändler im Hochsauerland	<http://purl.org/lobid/nwbib#s747020>
Zwischen Demokratie und Diktatur der Aufstieg des Nationalsozialismus in den Kreisverwaltungen des Hochsauerlandes	<http://purl.org/lobid/nwbib#s422000>
	<http://purl.org/lobid/nwbib#s544610>
Wer mordet schon im Hochsauerland? 11 Krimis und 125 Freizeittipps ; [der kriminelle Freizeitführer]	<http://purl.org/lobid/nwbib#s768010>
Auf dem beschwerlichen Weg zur Praxis Stadtmarketing am Hellweg und im Hochsauerland	<http://purl.org/lobid/nwbib#s543800>
Schützenwesen zwischen Heimatpflege, Patriotismus, Nationalsozialismus und katholischem Milieu das Beispiel Bigge im Hochsauerland 1864 - 2014	<http://purl.org/lobid/nwbib#s704070>
110 Jahre Berufsschule / Berufskolleg für Wirtschaft und Verwaltung Neheim-Hüsten ein Beitrag zum beruflichen Schulwesen im Hochsauerland	<http://purl.org/lobid/nwbib#s785000>
Biografie einer Buchenregion am Beispiel des Gemeindewaldes Niedersfeld/Hochsauerland	<http://purl.org/lobid/nwbib#s544420>
Heidenstrasse und Jakobsweg (Wanderung auf dem Jakobsweg im Hochsauerland)	<http://purl.org/lobid/nwbib#s102070>
Immer rechts ab! mit dem Motorrad auf Entdeckungsfahrt im Hochsauerland	<http://purl.org/lobid/nwbib#s102060>
Heimatidylle oder Die Sprache der Dinge Aufzeichnungen im Hochsauerland 1980 bis 2003	<http://purl.org/lobid/nwbib#s767040>
Historische Straßenverläufe und Zeichen am Wege preußische Provinzialstraßen und ihre Meilensteine im Hochsauerland	<http://purl.org/lobid/nwbib#s552000>
Anfangs waren auch Medebach und Eslohe Kreisstädte die Entstehung von Kreisen im Hochsauerland	<http://purl.org/lobid/nwbib#s422000>
Erfinder, Patente und Innovationen das Hochsauerland ist in erfinderischer Hinsicht keine Diaspora	<http://purl.org/lobid/nwbib#s543620>
Vom Wandel der Zeit Kreisverwaltungen im Hochsauerland von 1817 bis 2007	<http://purl.org/lobid/nwbib#s422000>
	<http://purl.org/lobid/nwbib#s768030>
50 Jahre Wirtschaftsförderung im Hochsauerland WFG Hochsauerlandkreis - eine der ältesten Wirtschaftsförderungsgesellschaften in NRW	<http://purl.org/lobid/nwbib#s543020>
Die ersten Menschen im Hochsauerland neue steinzeitliche Funde aus dem Winterberger Stadtgebiet	<http://purl.org/lobid/nwbib#s222000>
	<http://purl.org/lobid/nwbib#s545050>
Outdoorkarte, [Deutschland] 30: Hochsauerland, Rothaargebirge Winterberg, Bad Berleburg ; Wandern, Rad, Nordic walking	<http://purl.org/lobid/nwbib#s126000>
Amtsblatt der Stadt Brilon, Hochsauerland amtliches Veröffentlichungsorgan der Stadt Brilon	<http://purl.org/lobid/nwbib#s426000>
Felsen und Halden im Hochsauerland Lebensraum für Spezialisten	<http://purl.org/lobid/nwbib#s162030>
Amtsblatt der Stadt Brilon, Hochsauerland amtliches Veröffentlichungsorgan der Stadt Brilon	<http://purl.org/lobid/nwbib#s426000>
	<http://purl.org/lobid/nwbib#s162000>
"Gemeinsam für das Wohl der Menschen Wirtschaft und Verwaltung von der ""Stunde Null"" bis in die Gegenwart (1945 - 2007)"	<http://purl.org/lobid/nwbib#s542000>
Irrgeister Naturmagazin des Vereins für Natur- und Vogelschutz im HSK e.V.	<http://purl.org/lobid/nwbib#s584000>
	<http://purl.org/lobid/nwbib#s534030>
	<http://purl.org/lobid/nwbib#s632050>
Martini zum Sahnestück mit Marketing im Stil von Tchibo und Media-Markt fordert die Sparkasse Hochsauerland Direktbanken heraus ; das Institut berichtet	<http://purl.org/lobid/nwbib#s548400>
Mountainbikekarte Hoch-Sauerland 30 Mountainbiketouren, Tourenbeschreibungen mit Höhenprofil, Trail Park Winterberg und Trailground Brilon, UTM-Gitter für GPS-Nutzung	<http://purl.org/lobid/nwbib#s126000>
Mehrdimensionale Projektbewertung für die geplante Renau-Trinkwasser-Talsperre Gutachten	<http://purl.org/lobid/nwbib#s142372>
Entdecken Sie Arnsberger Wald und Hochsauerland Freizeitaktivität für jede Jahreszeit	<http://purl.org/lobid/nwbib#s735040>
	<http://purl.org/lobid/nwbib#s548800>
Von Geldwirtschaft, Sparern und der Sparkasse in Winterberg 1858 wurde die Stadtsparkasse gegründet, die 1978 in der Sparkasse Hochsauerland aufging	<http://purl.org/lobid/nwbib#s548400>
"""Friede und Regen"" eine hundertjährige Akte berichtet über Arbeitskämpfe im Hochsauerland"	<http://purl.org/lobid/nwbib#s545020>
	<http://purl.org/lobid/nwbib#s142330>
	<http://purl.org/lobid/nwbib#s142330>
Die Röntgenabteilung im St.-Walburga-Krankenhaus in Meschede Erinnerungen eines Radiologen an die Entwicklung einer medizinschen Sparte	<http://purl.org/lobid/nwbib#s534030>
Essen, Trinken und ein Bett für eine Nacht Gast- und Schankwirtschaften im Hochsauerland im 19. Jahrhundert	<http://purl.org/lobid/nwbib#s548850>
	<http://purl.org/lobid/nwbib#s163020>
Südseestrand am Sauerlandhang jeder sechste Sauerland-Gast übernachtet im Medebacher Gran Dorado	<http://purl.org/lobid/nwbib#s548800>
Zu Fuß hinauf zum Startplatz... die Winterberger Bobbahn hat schon etliche sportliche Höhepunkte erlebt	<http://purl.org/lobid/nwbib#s736030>
	<http://purl.org/lobid/nwbib#s736030>
"Eine ""schöne Leiche"" Erinnerungen an eine Kindheit im Sauerland"	<http://purl.org/lobid/nwbib#s768010>
Ferienparks - Urlaubsform der Zukunft? IHK-Fremdenverkehrsreferenten NW zu Gast bei Gran Dorado	<http://purl.org/lobid/nwbib#s548800>
	<http://purl.org/lobid/nwbib#s848000>
	<http://purl.org/lobid/nwbib#s736000>
	<http://purl.org/lobid/nwbib#s562000>
Ein Zaubergarten [ein Lesebuch]	<http://purl.org/lobid/nwbib#s767040>
	<http://purl.org/lobid/nwbib#s544000>
	<http://purl.org/lobid/nwbib#s548800>
Hochsauerland: Winterberg, Kahler Asten und Umgebung Ausflüge zwischen Siedlinghausen, Küstelberg, Liesen, Medebach, Girkhausen und Hallenberg : Radtourenvorschläge mit Entfernungsangaben, viele Tipps zu Sehenswürdigkeiten : Wander-, Ski- und Radwanderkarte, GPS-fähig	<http://purl.org/lobid/nwbib#s126000>
Wie hoch ist denn nun das Hochsauerland? die Achthunderter des Rothaargebirges	<http://purl.org/lobid/nwbib#s142110>
	<http://purl.org/lobid/nwbib#s126000>
	<http://purl.org/lobid/nwbib#s240000>
	<http://purl.org/lobid/nwbib#s163090>
	<http://purl.org/lobid/nwbib#s102000>
Die Pilzmückenfauna des Hochsauerlandes (Diptera, Nematocera) Teil 2.	<http://purl.org/lobid/nwbib#s163030>
An der Wintersportgeschichte des Hochsauerlandes bescheiden mitgeschrieben der Skiclub Altastenberg feierte sein 100-jähriges Bestehen mit vielen Gästen	<http://purl.org/lobid/nwbib#s735090>
Waldecker Upland, Hochsauerland, Willingen und Umgebung Ausflüge zwischen Olsberg, Brilon, Deifeld, Bruchhausen, Siedlinghausen und Diemelsee : Radtourenvorschläge mit Entfernungsangaben, viele Tipps zu Sehenswürdigkeiten : Wander-, Ski- und Radwanderkarte, GPS-fähig	<http://purl.org/lobid/nwbib#s126000>
	<http://purl.org/lobid/nwbib#s141425>
	<http://purl.org/lobid/nwbib#s141200>
	<http://purl.org/lobid/nwbib#s163000>
Die Pilzmückenfauna des Hochsauerlandes (Diptera, Nematocera) Teil 1.	<http://purl.org/lobid/nwbib#s163030>
"Jubiläum ""100 Jahre Nahverkehr im östlichen Hochsauerland"" von der Kleinbahn zum Schnellbus"	<http://purl.org/lobid/nwbib#s554000>
	<http://purl.org/lobid/nwbib#s547440>
	<http://purl.org/lobid/nwbib#s746020>
Heimaterinnerungen aus der Bergfreiheit Silbach im Hochsauerland Gedichte, Bilder und Erzählungen	<http://purl.org/lobid/nwbib#s102000>
	<http://purl.org/lobid/nwbib#s406120>
	<http://purl.org/lobid/nwbib#s126000>
	<http://purl.org/lobid/nwbib#s126000>
	<http://purl.org/lobid/nwbib#s544000>
	<http://purl.org/lobid/nwbib#s724000>
	<http://purl.org/lobid/nwbib#s611030>
Arnsberg (Hochsauerland), Königstraße 36 und Twiete 1 Gartenhäuser	<http://purl.org/lobid/nwbib#s843060>
	<http://purl.org/lobid/nwbib#s735000>
	<http://purl.org/lobid/nwbib#s544640>
Im Kreis um den Kreis Sonderausstellung im Sauerland-Museum zur Geschichte der Kreise im Hochsauerland	<http://purl.org/lobid/nwbib#s425400>
Sau küert me in Breylen Wörterbuch für die plattdeutsche Sprache ; Brilon im Hochsauerland	<http://purl.org/lobid/nwbib#s744000>
Gevelinghausen 1277 bis 2002 ; aus der Geschichte eines Rittergutsdorfes im Hochsauerland	<http://purl.org/lobid/nwbib#s240000>
Spagat zwischen den Jahreszeiten Winterberg, Hochsauerland: Mal Pause machen von Stress und Entertainment	<http://purl.org/lobid/nwbib#s102000>
Säu kuiert me bey us Wörterbuch für die plattdeutsche Sprache ; Scharfenberg im Hochsauerland	<http://purl.org/lobid/nwbib#s744000>
Eine Erfolgsstory ohnegleichen 25 Jahre Partnerschaft zwischen West Lothian und dem Hochsauerland	<http://purl.org/lobid/nwbib#s425490>
Serienmord im HSK ... die Criminale 2005 zog eine literarische Blutspur durch das Hochsauerland	<http://purl.org/lobid/nwbib#s766050>
"""Schmallenberg wird im olympischen Jahr das Sportzentrum"" erstes Hallenschwimmbad des Hochsauerlandes nach dem Zweiten Weltkrieg"	<http://purl.org/lobid/nwbib#s735020>
Als die Bundesrepublik die Kinderschuhe anzog Spiegelungen des Jahres 1949 in der Lokalpresse des Hochsauerlandes	<http://purl.org/lobid/nwbib#s882020>
Schule und Leistungssport Regionalprojekt Hochsauerland - Organisation des sportlichen Umfeldes am Sportinternat Winterberg	<http://purl.org/lobid/nwbib#s736000>
Ausstellung Bergbauwelten in der Geopark-Region Hochsauerland des Nationalen Geoparks Grenzwelten	<http://purl.org/lobid/nwbib#s141200>
Bewegt gesund bleiben in NRW! Präventions- und Rehabilitationssportangebote ; Region Sauerland Nord: Kreis Hochsauerland, Kreis Soest	<http://purl.org/lobid/nwbib#s532070>
Ländliche Wohnungsmärkte unter Schrumpfungsbedingungen planerische Steuerungsmöglichkeiten und Handlungsfelder am Beispiel des Hochsauerlandes	<http://purl.org/lobid/nwbib#s574060>
Ländliche Immobilienmärkte im Kontext des demographischen Wandels Herausforderungen, Steuerungsmöglichkeiten und Handlungsfelder am Beispiel des Hochsauerlandes	<http://purl.org/lobid/nwbib#s574060>
"""Friede und Regen"" e. hundertjährige Akte berichtet über Arbeitskämpfe im Hochsauerland."	<http://purl.org/lobid/nwbib#s406060>
"""Saures"" Land Wanderung durch Moor, Sumpf und Morast im Hochsauerland"	<http://purl.org/lobid/nwbib#s102000>
Von der Kreisstube zum Dienstleistungszentrum Landräte u. Oberkreisdirektoren im Hochsauerland von 1817 - 1988	<http://purl.org/lobid/nwbib#s425400>
Bestwig - Bilder aus unserer Gemeinde Wanderungen mit dem Zeichenstift durch eine lebendige Gemeinde im Hochsauerland	<http://purl.org/lobid/nwbib#s102000>
	<http://purl.org/lobid/nwbib#s632000>
Irrgeister Naturmagazin des Vereins für Natur- und Vogelschutz im HSK e.V.	<http://purl.org/lobid/nwbib#s584000>
	<http://purl.org/lobid/nwbib#s534030>
Westfalenpost WP ; Stimme der Heimat, Echo der Welt	<http://purl.org/lobid/nwbib#s882024>
	<http://purl.org/lobid/nwbib#s142540>
Montanindustrien im Hochsauerland und das Industriegebiet am Schmalenberg Hochsauerlandkreis, Regierungsbezirk Arnsberg	<http://purl.org/lobid/nwbib#s545050>
	<http://purl.org/lobid/nwbib#s240000>
	<http://purl.org/lobid/nwbib#s109000>
	<http://purl.org/lobid/nwbib#s584070>
	<http://purl.org/lobid/nwbib#s141210>
	<http://purl.org/lobid/nwbib#s142372>
	<http://purl.org/lobid/nwbib#s555020>
	<http://purl.org/lobid/nwbib#s584070>
	<http://purl.org/lobid/nwbib#s584070>
	<http://purl.org/lobid/nwbib#s425490>
Von Heupferden und Grillen Heuschrecken im Hochsauerlandkreis	<http://purl.org/lobid/nwbib#s163030>
"""Manche mögen's naß ..."" Feuchtwiesenschutz im Hochsauerlandkreis"	<http://purl.org/lobid/nwbib#s584000>
Von Rhönschafen und Ziegen, von Orchideen und Enzianen die Kalkmagerrasen im Hochsauerlandkreis - gerettet!?	<http://purl.org/lobid/nwbib#s161040>
Säugetiere des Hochsauerlandkreises eine kommentierte Artenliste	<http://purl.org/lobid/nwbib#s163090>
Ein Paradies für Wildbienen Kalkhalbtrockenrasen	<http://purl.org/lobid/nwbib#s163030>
Botanische Kostbarkeiten floristische Besonderheiten im Hochsauerlandkreis	<http://purl.org/lobid/nwbib#s162000>
125 Jahre St.-Johannes-Hospital Neheim 1860 - 1985	<http://purl.org/lobid/nwbib#s534030>
	<http://purl.org/lobid/nwbib#s735040>
Null Bock auf Vereinsarbeit und Ehrenamt? Ehrenamt und neue Freiwilligkeit	<http://purl.org/lobid/nwbib#s725050>
Waldwiesentäler des Hochsauerlandkreises Ökologie der Waldwiesentäler	<http://purl.org/lobid/nwbib#s163030>
Höhenstrasse Hoch-Sauerland Panorama Autostraße ; [Besichtigungen, Wanderungen, Ausflüge]	<http://purl.org/lobid/nwbib#s102070>
Krankenhaus St. Johannes zu Neheim Geschichte und Geschichten	<http://purl.org/lobid/nwbib#s534030>
Der Tote im Backhaus ein kleines Sauerländer Dorf im Aufruhr	<http://purl.org/lobid/nwbib#s768010>
	<http://purl.org/lobid/nwbib#s746030>
Alte Dienstvorschrift kommandiert preußisch aus dem Dienstvorschriften-Buch des Gendarmerie-Wachtmeisters Franz Schmidt	<http://purl.org/lobid/nwbib#s428030>
	<http://purl.org/lobid/nwbib#s632000>
Der Verein für Natur- und Vogelschutz im Hochsauerlandkreis e.V. (VNV) eine kurze Bilanz einer noch recht jungen Geschichte	<http://purl.org/lobid/nwbib#s584000>
Kornblume und Klatschmohn verschwinden Lebensraum Acker	<http://purl.org/lobid/nwbib#s162020>
Wächter auf hoher Warte Raubwürger	<http://purl.org/lobid/nwbib#s163080>
50 Jahre Haus zum Guten Hirten 1955 - 2005	<http://purl.org/lobid/nwbib#s523090>
"""... laß sie hangen, bis sie von selbst abfallen"" die Gäiseke des oberen Sauerlandes, eine Verwandte des Pickerts"	<http://purl.org/lobid/nwbib#s746000>
"""140 Jahre St.-Johannes-Hospital Neheim"" ""140 Jahre medizinischer Fortschritt und aufopferungsvoller Dienst am kranken Menschen"""	<http://purl.org/lobid/nwbib#s534030>
	<http://purl.org/lobid/nwbib#s422000>
	<http://purl.org/lobid/nwbib#s534030>
	<http://purl.org/lobid/nwbib#s828000>
"""Wer versteht, wird verstanden"" neue Wege zur Verständigung mit unseren ausländischen Mitbürgern"	<http://purl.org/lobid/nwbib#s725070>
Herrscher der Hecken der Neuntöter	<http://purl.org/lobid/nwbib#s163080>
Vielfalt auf Schwingen die Brutvögel des Hochsauerlandkreises	<http://purl.org/lobid/nwbib#s163080>
Lila-goldene und blauschillernde Himmelsboten Tagfalter im Hochsauerlandkreis	<http://purl.org/lobid/nwbib#s163030>
Wo der Gute Heinrich zu Hause ist das Dorf als Lebensraum	<http://purl.org/lobid/nwbib#s564080>
Zurückgekehrt! der Wanderfalke ist wieder Brutvogel im Hochsauerlandkreis	<http://purl.org/lobid/nwbib#s163080>
"Vagabundierende Kinder im Jahr 1819 die Realität des Märchens von ""Hänsel und Gretel"""	<http://purl.org/lobid/nwbib#s724020>
"""Aber seitdem wir von Brechlingsen mitversorgt werden..."" Anmerkungen zu den Pastoralverbünden im Erzbistum Paderborn"	<http://purl.org/lobid/nwbib#s611044>
Relikte mittelalterlicher Landwirtschaft in den Hochlagen des Sauerlandes Hochsauerlandkreis, Regierungsbezirk Arnsberg	<http://purl.org/lobid/nwbib#s544020>
	<http://purl.org/lobid/nwbib#s572050>
Bauliche Entwicklung 1860 - 2010 historischer Rückblick	<http://purl.org/lobid/nwbib#s843020>
Minute um Minute zum 775. Geburtstag der Stadt Brilon hrsg. von der Schreibwerkstatt Brilon in der VHS Brilon-Marsberg-Olsberg ; [ein Briloner Lesebuch]	<http://purl.org/lobid/nwbib#s767040>
	<http://purl.org/lobid/nwbib#s534030>
Op Platt Mundarten im Sauerland ; Texte aus den Kreisen Hochsauerland und Olpe zum Lesen und zum Hören	<http://purl.org/lobid/nwbib#s744000>
Wanderkarte Uplandsteig & Diemelsteig verbinden die spektakulären Steige im Hochsauerland : Diemelsee Ferienregion : Willingen Sauerland : über 700 km Wanderwegenetz	<http://purl.org/lobid/nwbib#s126000>
Restitution montaner Heiden im Rothaargebirge Evaluation der Restitutionsmaßnahmen montaner Heidebestände durch vegetations- und tierökologische Untersuchungen im Hochsauerland	<http://purl.org/lobid/nwbib#s584050>
Die Eisenbahn Altenhundem - Schmallenberg - Fredeburg e. Kapitel Verkehrsgeschichte d. Hochsauerlandes, dargest. nach alten Jahrgängen d. Mescheder Kreisblattes u. d. Mescheder Zeitung	<http://purl.org/lobid/nwbib#s555020>
"""Winterpoesie"" - ""LiteraTourA45"" Hochsauerland und Südwestfalen 1998 als Literaturmekka ; regionale Kulturpolitik ermöglicht große Literaturveranstaltungen"	<http://purl.org/lobid/nwbib#s766050>
Wiederfund für Nordrhein-Westfalen nach 75 Jahren der Lattich-Mönch Cucullia lactucae ([Denis & Schiffermüller], 1775) im Hochsauerländer Schluchtgebirge (Lep., Noctuidae)	<http://purl.org/lobid/nwbib#s163030>
Brilon - Bilder aus unserer Stadt mit allen Ortsteilen Wanderungen mit Zeichenstift und Pinsel durch eine schöne Stadt im Hochsauerland	<http://purl.org/lobid/nwbib#s102000>
Brilon-Wald Ortsteil der Stadt Brilon im Hochsauerland ; zur Geschichte von Brilon-Wald	<http://purl.org/lobid/nwbib#s240000>
Die Eisenbahn Altenhundem-Schmallenberg-Fredeburg ein Kapitel Verkehrsgeschichte des Hochsauerlandes, dargestellt nach alten Jahrgängen des Mescheder Kreisblattes und der Mescheder Zeitung	<http://purl.org/lobid/nwbib#s555020>
	<http://purl.org/lobid/nwbib#s160100>
"""Naturschätze, die es zu bewahren gilt"" praktischer Naturschutz im Hochsauerlandkreis : der ""Verein für Natur- und Vogelschutz"" erhält historisch gewachsene Kulturlandschaft"	<http://purl.org/lobid/nwbib#s584000>
	<http://purl.org/lobid/nwbib#s262014>
Die kleinen Bewohner unserer Wälder Buchenwald als Lebensraum für Käfer und andere Insekten	<http://purl.org/lobid/nwbib#s544460>
	<http://purl.org/lobid/nwbib#s632000>
ÖPNV für Touristen zum Nulltarif die Sauerland-Card ; ein Modell für den sanften Tourismus	<http://purl.org/lobid/nwbib#s548800>
Leben zwischen Wasser und Land Amphibien und Reptilien	<http://purl.org/lobid/nwbib#s163060>
Sundern, Sorpesee und Umgebung und Stadtplänen	<http://purl.org/lobid/nwbib#s126000>
	<http://purl.org/lobid/nwbib#s240000>
	<http://purl.org/lobid/nwbib#s207020>
Rückblick aus dem Kreisarchiv Zahlen, Daten, Fakten	<http://purl.org/lobid/nwbib#s240000>
	<http://purl.org/lobid/nwbib#s584070>
	<http://purl.org/lobid/nwbib#s126000>
	<http://purl.org/lobid/nwbib#s240000>
	<http://purl.org/lobid/nwbib#s564040>
	<http://purl.org/lobid/nwbib#s611060>
	<http://purl.org/lobid/nwbib#s240000>
	<http://purl.org/lobid/nwbib#s562040>
	<http://purl.org/lobid/nwbib#s240000>
	<http://purl.org/lobid/nwbib#s611010>
	<http://purl.org/lobid/nwbib#s544420>
Die Fachwerksynagoge in Padberg Geschichte eines Denkmals	<http://purl.org/lobid/nwbib#s631000>
	<http://purl.org/lobid/nwbib#s797010>
	<http://purl.org/lobid/nwbib#s109000>
Die ehemalige neue Synagoge der Judenschaft Niedermarsberg, Weist 18	<http://purl.org/lobid/nwbib#s631000>
	<http://purl.org/lobid/nwbib#s217090>
	<http://purl.org/lobid/nwbib#s102000>
	<http://purl.org/lobid/nwbib#s783000>
Kommunalwahl 2014 Landrat, Kreistag, Bürgermeister sowie Stadt- und Gemeinderäte neu gewählt	<http://purl.org/lobid/nwbib#s406380>
Eslohe Bilder aus unserer Gemeinde ; Wanderungen mit Zeichenstift und Pinsel, durch eine freundliche Gemeinde, im Herzen des Hochsauerlandes	<http://purl.org/lobid/nwbib#s102000>
	<http://purl.org/lobid/nwbib#s142330>
	<http://purl.org/lobid/nwbib#s240100>
	<http://purl.org/lobid/nwbib#s572000>
	<http://purl.org/lobid/nwbib#s162040>
	<http://purl.org/lobid/nwbib#s207020>
	<http://purl.org/lobid/nwbib#s163030>
 Deutscher Gewerkschaftsbund - Kreis Region Südöstliches Westfalen	<http://purl.org/lobid/nwbib#s543480>
	<http://purl.org/lobid/nwbib#s543600>
"""Nicht nur ein Klafter Holz ..."" Naturschutz im Wald"	<http://purl.org/lobid/nwbib#s584000>
	<http://purl.org/lobid/nwbib#s425400>
Wanderlust und Kunstgenuss 23 Kilometer zwischen Bad Berleburg und Schmallenberg: Der WaldSkulpturenWeg, der das Hochsauerland mit Wittgenstein verbindet, garantiert spektakuläre Aussichten, tiefe Einblicke und neue Kunsterfahrungen	<http://purl.org/lobid/nwbib#s845000>
Südwestfalen entdecken mit Bus und Bahn Ausflugsziele für Jung und Alt ; Bekanntes und weniger Bekanntes ; Freizeitkarte der VCD-Kreisverbände Hagen- Märkischer Kreis, Hochsauerland, Siegen-Wittgenstein und Olpe	<http://purl.org/lobid/nwbib#s735040>
	<http://purl.org/lobid/nwbib#s632000>
	<http://purl.org/lobid/nwbib#s631000>
Die Elementarschulen der Israeliten in Marsberg ein Beitrag zur Bildungsgeschichte der Juden im Sauerland	<http://purl.org/lobid/nwbib#s638000>
	<http://purl.org/lobid/nwbib#s102000>
Blaue Bänder in der Mittelgebirgslandschaft Fließgewässer, die Lebensadern im Sauerland	<http://purl.org/lobid/nwbib#s142320>
"""Der bedrängten Natur ein Überleben ermöglichen"" Naturschutzzentrum - Biologische Station - Hochsauerlandkreis e.V."	<http://purl.org/lobid/nwbib#s584050>
	<http://purl.org/lobid/nwbib#s766050>
	<http://purl.org/lobid/nwbib#s163080>
Sammelbericht ... besondere Vogelbeobachtungen für den HSK	<http://purl.org/lobid/nwbib#s163080>
	<http://purl.org/lobid/nwbib#s523060>
Die Pädagogische Landkarte NRW als Wegweiser und Innovationspool für unsere Schulen außerschulische Lernorte locken Klassen mit regionalen Besonderheiten	<http://purl.org/lobid/nwbib#s786000>
Freizeitkarte Hochsauerlandkreis Verzeichnis der Städte, Gemeinden und Ortschaften, Freizeiteinrichtungen, Wanderwege, Hinweise auf Freizeitmöglichkeiten, Wintersporthinweise, Informationen über Sehenswürdigkeiten und Museen, Veranstaltungstipps ; mit den Radwanderwegen	<http://purl.org/lobid/nwbib#s735040>
Freizeitkarte Hochsauerlandkreis Verzeichnis der Städte, Gemeinden und Ortschaften, Freizeiteinrichtungen, Hinweise auf Freizeitmöglichkeiten, Wintersporthinweise, Informationen über Sehenswürdigkeiten und Museen, Veranstaltungstipps ; mit den Wanderwegen	<http://purl.org/lobid/nwbib#s735040>
	<http://purl.org/lobid/nwbib#s126000>
Die Wespenspinne ein Neuankömmling im Hochsauerlandkreis	<http://purl.org/lobid/nwbib#s163030>
Der Hochsauerlandkreis in der Bewährung ein Rückblick auf die ersten Jahre im Nachspann auf das 40-jährige Bestehen 2015	<http://purl.org/lobid/nwbib#s423430>
Führungswechsel beim Hochsauerlandkreis Dr. Adalbert Müllmann verabschiedet - Egon Mühr neuer Oberkreisdirektor - Winfried Stork Kreisdirektor.	<http://purl.org/lobid/nwbib#s425400>
Hochsauerlandkreis 1:50000 Radwanderkarte	<http://purl.org/lobid/nwbib#s126000>
	<http://purl.org/lobid/nwbib#s882040>
20 Jahre Hochsauerlandkreis mit Augenmaß und Fantasie die Zukunft gestalten	<http://purl.org/lobid/nwbib#s425400>
"""In meine Winterpoesie gehüllt ..."" Kulturprojekt Hochsauerlandkreis vom 14. Januar bis 11. März 1998"	<http://purl.org/lobid/nwbib#s766050>
Ein ungebetener Gast aus fernen Landen Ist die Ausbreitung der Herkulesstaude im HSK noch zu stoppen?	<http://purl.org/lobid/nwbib#s162020>
Botanische Beobachtungen aus dem Hochsauerlandkreis neue Ergebnisse aus der Fortsetzung der floristischen Kartierung	<http://purl.org/lobid/nwbib#s162000>
	<http://purl.org/lobid/nwbib#s584060>
	<http://purl.org/lobid/nwbib#s126000>
	<http://purl.org/lobid/nwbib#s426040>
Freizeitkarte Hochsauerlandkreis mit Wander- und Radwanderwegen, Freizeit-Tipps	<http://purl.org/lobid/nwbib#s126000>
	<http://purl.org/lobid/nwbib#s582000>
Drei Kreise in der Vergangenheit - ein HochSauerlandKreis in der Gegenwart zum 200-jährigen Kreisjubiläum	<http://purl.org/lobid/nwbib#s425400>
	<http://purl.org/lobid/nwbib#s735020>
	<http://purl.org/lobid/nwbib#s126000>
	<http://purl.org/lobid/nwbib#s163080>
Wirtschaftsgespräch in Schmallenberg am 10. August 1994 Vortrag	<http://purl.org/lobid/nwbib#s543000>
	<http://purl.org/lobid/nwbib#s425430>
Kleinode in unserer Landschaft Pflanzenraritäten im Hochsauerlandkreis	<http://purl.org/lobid/nwbib#s162000>
Das Jubiläum war ein Grund zum Feiern 40 Jahre Partnerschaft zwischen West Lothian und dem Hochsauerlandkreis	<http://purl.org/lobid/nwbib#s426090>
Lebendiger Naturschutz im Sauerland ein Überblick über 25 Jahre VNV	<http://purl.org/lobid/nwbib#s584000>
	<http://purl.org/lobid/nwbib#s555020>
"Grundsatzrede zum ""Wirtschaftspolitischen Programm des Hochsauerlandkreises"" vorgetragen in der Sitzung des Kreistages des Hochsauerlandkreises am 7. April 2006"	<http://purl.org/lobid/nwbib#s541000>
Checkliste bauen für alle barrierefrei	<http://purl.org/lobid/nwbib#s523060>
	<http://purl.org/lobid/nwbib#s552000>
	<http://purl.org/lobid/nwbib#s542000>
Nahverkehr aus einem Guss die intensive Kooperation im Hochsauerlandkreis trägt Früchte	<http://purl.org/lobid/nwbib#s554000>
Heilige am Wege vom Hohen Lenscheid nach Schloß Laer	<http://purl.org/lobid/nwbib#s611090>
	<http://purl.org/lobid/nwbib#s204000>
	<http://purl.org/lobid/nwbib#s422000>
40 Jahre Partnerschaft zwischen West Lothian und dem Hochsauerlandkreis Orchesterreisen der Musikschule Hochsauerlandkreis sind fester Bestandteil einer grenzüberschreitenden Freundschaft	<http://purl.org/lobid/nwbib#s426090>
	<http://purl.org/lobid/nwbib#s163080>
	<http://purl.org/lobid/nwbib#s584070>
"Gute Zeiten, schlechte Zeiten zur ""Industriegeschichte"" des Hochsauerlandkreises"	<http://purl.org/lobid/nwbib#s547420>
	<http://purl.org/lobid/nwbib#s424022>
	<http://purl.org/lobid/nwbib#s584040>
	<http://purl.org/lobid/nwbib#s162030>
Grundstücksmarktbericht Übersicht über den Grundstücksmarkt in Bestwig, Brilon, Eslohe, Hallenberg, Marsberg, Medebach, Meschede, Olsberg, Schmallenberg, Sundern, Winterberg	<http://purl.org/lobid/nwbib#s574000>
Die Landwirtschaft Broterwerb und Landschaftspflege	<http://purl.org/lobid/nwbib#s544000>
Freizeitkarte Hochsauerlandkreis Orts- und Gemeindeverzeichnis, lagerichtig eingetragene Freizeiteinrichtungen vom Wanderparkplatz bis zur Feuerstelle, Freizeit-Tips für Sommer und Winter ; mit den Wanderwegen zwischen Möhnesee und Winterberg	<http://purl.org/lobid/nwbib#s735000>
	<http://purl.org/lobid/nwbib#s584090>
	<http://purl.org/lobid/nwbib#s124000>
Sexuelle Gewalt gegen Kinder - erkennen und helfen Leitfaden zum Umgang mit dem Verdacht auf sexuellen Missbrauch / für Prävention und Hilfe im Hochsauerlandkreis	<http://purl.org/lobid/nwbib#s524010>
Der Hochsauerlandkreis historisch-landeskundliche Einführung	<http://purl.org/lobid/nwbib#s102000>
Der Hochsauerlandkreis Bevölkerungs- und Wirtschaftsstruktur	<http://purl.org/lobid/nwbib#s503000>
	<http://purl.org/lobid/nwbib#s535000>
Hochsauerlandkreis die schönsten Seiten - at its best	<http://purl.org/lobid/nwbib#s102000>
Freizeitkarte Hochsauerlandkreis Orts- und Gemeindeverzeichnis, lagerichtig eingetragene Freizeiteinrichtungen vom Wanderparkplatz bis zur Feuerstelle, Freizeit-Tips für Sommer wie Winter ; mit den Wanderwegen zwischen Möhnesee und Winterberg	<http://purl.org/lobid/nwbib#s126000>
 Hochsauerlandkreis	<http://purl.org/lobid/nwbib#s102000>
WOLL Worte, Orte, Land und Leute : Magazin für die Sauerländer Lebensart	<http://purl.org/lobid/nwbib#s736000>
	<http://purl.org/lobid/nwbib#s163080>
	<http://purl.org/lobid/nwbib#s162040>
	<http://purl.org/lobid/nwbib#s163080>
	<http://purl.org/lobid/nwbib#s548400>
	<http://purl.org/lobid/nwbib#s102000>
	<http://purl.org/lobid/nwbib#s163030>
	<http://purl.org/lobid/nwbib#s523060>
Freizeitkarte Hochsauerlandkreis Freizeitkarte, leisure map, carte loisirs Hochsauerlandkreis	<http://purl.org/lobid/nwbib#s126000>
Zuhören, entscheiden, handeln eine Woche des Landrats im Hochsauerlandkreis, im Land und in Berlin	<http://purl.org/lobid/nwbib#s406130>
Unbekanntes Sauerland!? Beispiele für Kultur in einer aktiven Region	<http://purl.org/lobid/nwbib#s826000>
	<http://purl.org/lobid/nwbib#s574000>
	<http://purl.org/lobid/nwbib#s522010>
ÖPNV-Nachfragepotential in Erholungsräumen Untersuchungen im Hochsauerlandkreis	<http://purl.org/lobid/nwbib#s554000>
Entdecken Sie die Natur im Sauerland! unsere Tips für Ausflügler	<http://purl.org/lobid/nwbib#s548840>
	<http://purl.org/lobid/nwbib#s843010>
Synagoge Meschede - (k)ein Denkmal? Schülerarbeit im Wettbewerb Deutsche Geschichte	<http://purl.org/lobid/nwbib#s631000>
	<http://purl.org/lobid/nwbib#s632000>
"""Über allen Wipfeln ist Ruh' ..."" der Sauerländer Wald"	<http://purl.org/lobid/nwbib#s544460>
Die Landwirtschaft Broterwerb und Landschaftspflege	<http://purl.org/lobid/nwbib#s544000>
	<http://purl.org/lobid/nwbib#s584000>
	<http://purl.org/lobid/nwbib#s584000>
Rückblick aus dem Archiv des Hochsauerlandkreises	<http://purl.org/lobid/nwbib#s240000>
	<http://purl.org/lobid/nwbib#s163080>
	<http://purl.org/lobid/nwbib#s163080>
	<http://purl.org/lobid/nwbib#s163020>
Flächendeckende Breitbandversorgung eine Herausforderung für den Hochsauerlandkreis	<http://purl.org/lobid/nwbib#s558050>
	<http://purl.org/lobid/nwbib#s572030>
Eltern / Ratgeber Klinikführer Geburt / Nordrhein-Westfalen / 01 Eltern	<http://purl.org/lobid/nwbib#s534030>
"""Abfahrt 1911"" - Ausstellung im Maschinen- und Heimatmuseum Festvortrag zur Ausstellungseröffnung am 14. Januar 2011"	<http://purl.org/lobid/nwbib#s555020>
Integration gemeinsam gestalten Integratonskonzept im Hochsauerlandkreis trägt Früchte	<http://purl.org/lobid/nwbib#s503440>
Das Naturschutzzentrum - Biologische Station - Hochsauerlandkreis e.V. eine neue Einrichtung im Kreisgebiet mit Sitz in Schmallenberg-Bödefeld	<http://purl.org/lobid/nwbib#s584000>
	<http://purl.org/lobid/nwbib#s163080>
Kommunalwahl 2004 Landrat, Kreistag, Bürgermeister sowie Stadt- und Gemeinderäte neu gewählt	<http://purl.org/lobid/nwbib#s406380>
Aufgaben einer modernen Kreisverwaltung der Hochsauerlandkreis als Dienstleister	<http://purl.org/lobid/nwbib#s425400>
	<http://purl.org/lobid/nwbib#s162040>
	<http://purl.org/lobid/nwbib#s782500>
	<http://purl.org/lobid/nwbib#s544240>
	<http://purl.org/lobid/nwbib#s425400>
	<http://purl.org/lobid/nwbib#s584000>
Die Trollblume im Hochsauerlandkreis Bestandserfassung, Gefährdung, Ursachen, Maßnahmen	<http://purl.org/lobid/nwbib#s162040>
Hochsauerlandkreis regionales Zukunftskonzept Land(auf)Schwung	<http://purl.org/lobid/nwbib#s572030>
Hochsauerlandkreis Sachheft mit Lösungen ; mit ca. 100 Link-Tipps	<http://purl.org/lobid/nwbib#s102000>
	<http://purl.org/lobid/nwbib#s572050>
Museumslandschaft des Hochsauerlandkreises Brücke zwischen Museum und Landschaft	<http://purl.org/lobid/nwbib#s562300>
Jahrbuch Hochsauerlandkreis Bibliografie : sachthematisches Verzeichnis aller Beiträge der Jahrgänge 1–30, 1985–2014	<http://purl.org/lobid/nwbib#s101000>
	<http://purl.org/lobid/nwbib#s163080>
	<http://purl.org/lobid/nwbib#s217000>
	<http://purl.org/lobid/nwbib#s207020>
	<http://purl.org/lobid/nwbib#s205020>
	<http://purl.org/lobid/nwbib#s163030>
	<http://purl.org/lobid/nwbib#s543680>
	<http://purl.org/lobid/nwbib#s547000>
Heiße Auseinandersetzungen Erinnerungen an die Geburt des Hochsauerlandkreises	<http://purl.org/lobid/nwbib#s423430>
Historische Aspekte des Medebacher Raumes vor der Stadtwerdung [der Medebacher Raum vor 1144]	<http://purl.org/lobid/nwbib#s240000>
	<http://purl.org/lobid/nwbib#s562060>
Quellen und Literatur unter Verwendung unveröffentlichter Aufzeichnungen über die Quellen zur Geschichte der Stadt Medebach von Harm Klueting	<http://purl.org/lobid/nwbib#s240100>
	<http://purl.org/lobid/nwbib#s262011>
Bauernlob und Schneideteufel der Sensenhandel im oberen Sauerland	<http://purl.org/lobid/nwbib#s548020>
	<http://purl.org/lobid/nwbib#s555020>
	<http://purl.org/lobid/nwbib#s613010>
Optionskommune Hochsauerlandkreis ein Zwischenbericht über die organisatorische Umsetzung in dezentralen Strukturen	<http://purl.org/lobid/nwbib#s543680>
	<http://purl.org/lobid/nwbib#s584000>
Ein wechselvolles Schicksal des Königs der Nacht Biologie und Schutz des Uhus (Bubo bubo)	<http://purl.org/lobid/nwbib#s163080>
	<http://purl.org/lobid/nwbib#s163080>
	<http://purl.org/lobid/nwbib#s163080>
	<http://purl.org/lobid/nwbib#s523060>
"Ein Jahrzehnt Sauerland-Herbst Musiker aus allen Ecken der Welt zu Gast im ""Land der 1000 Berge"""	<http://purl.org/lobid/nwbib#s826000>
	<http://purl.org/lobid/nwbib#s163080>
	<http://purl.org/lobid/nwbib#s564080>
Vor zwanzig Jahren kommunale Neuordnung in Stadt und Kreis Brilon	<http://purl.org/lobid/nwbib#s423430>
Artenreiches Kulturgut die Wiesen und Weiden des Rothaargebirges	<http://purl.org/lobid/nwbib#s162000>
"""Oh schaurig ist's übers Moor zu gehen ..."" Moore - seit jeher Schauplätze von Gruselgeschichten"	<http://purl.org/lobid/nwbib#s142340>
Auf den Spuren von Blutwurz und Rauschbeere Lebensraum Heide	<http://purl.org/lobid/nwbib#s584000>
Auf nassen Wiesen zu Hause das Braunkehlchen	<http://purl.org/lobid/nwbib#s163080>
"""In meine Winterpoesie gehüllt ..."" erstes Resümee über die ""Winterpoesie"""	<http://purl.org/lobid/nwbib#s766050>
Spezialisten auf kargem Grund zur Flora der Briloner Kalkkuppen	<http://purl.org/lobid/nwbib#s162020>
Die Rückkehr des Roten Höhenviehs ins Sauerland eine alte Haustierrasse im Dienste des Naturschutzes	<http://purl.org/lobid/nwbib#s544280>
Freizeitkarte Hochsauerlandkreis Freizeitkarte, leisure map, carte loisirs Hochsauerlandkreis	<http://purl.org/lobid/nwbib#s126000>
	<http://purl.org/lobid/nwbib#s102000>
Freizeitkarte Hochsauerlandkreis Verzeichnis der Städte, Gemeinden und Ortschaften, Freizeiteinrichtungen, Hinweise auf Freizeitmöglichkeiten, Wintersporthinweise, Informationen über Sehenswürdigkeiten und Museen, Veranstaltungstipps ; mit den Wanderwegen	<http://purl.org/lobid/nwbib#s126000>
	<http://purl.org/lobid/nwbib#s562300>
Die Regionale 2013 im Hochsauerlandkreis ein Wandel mit Chancen	<http://purl.org/lobid/nwbib#s572030>
Demographischer Wandel im Hochsauerlandkreis Handlungsfelder und Strategien	<http://purl.org/lobid/nwbib#s503200>
	<http://purl.org/lobid/nwbib#s725070>
"Ehrenamt und Planungsbüro das LEADER-Projekt ""Sauerländisch-hessische Bergbauroute"""	<http://purl.org/lobid/nwbib#s548840>
Hochsauerlandkreis ein Wirtschaftsstandort ; viele Facetten ; Wirtschaftsregion, Leben und Freizeit	<http://purl.org/lobid/nwbib#s543000>
	<http://purl.org/lobid/nwbib#s162040>
	<http://purl.org/lobid/nwbib#s163030>
	<http://purl.org/lobid/nwbib#s163080>
	<http://purl.org/lobid/nwbib#s162040>
	<http://purl.org/lobid/nwbib#s163080>
"Das Projekt ""Wüstungen und Kulturlandschaft im östlichen Hochsauerlandkreis"" Hochsauerlandkreis, Regierungsbezirk Arnsberg"	<http://purl.org/lobid/nwbib#s228000>
	<http://purl.org/lobid/nwbib#s163080>
	<http://purl.org/lobid/nwbib#s163090>
	<http://purl.org/lobid/nwbib#s582000>
	<http://purl.org/lobid/nwbib#s708029>
Zehn Jahre deutsch-israelische Partnerschaft Kreis Megiddo - Hochsauerlandkreis	<http://purl.org/lobid/nwbib#s425490>
"""Europa geht uns alle an!"" Europaarbeit des Hochsauerlandkreises"	<http://purl.org/lobid/nwbib#s425400>
Vorreiter in einem vereinten Europa die Zusammenarbeit zwischen dem Kreis Olesno und dem Hochsauerlandkreis	<http://purl.org/lobid/nwbib#s425490>
Ein wechselvolles Schicksal des Königs der Nacht Biologie und Bestandsveränderungen des Uhus ('Bubo bubo') unter besonderer Berücksichtigung des Hochsauerlandkreises	<http://purl.org/lobid/nwbib#s163080>
Kreiskarte NRW, 12: Hochsauerlandkreis Regierungsbezirk Arnsberg	<http://purl.org/lobid/nwbib#s126000>
Dem Westfalenparlament gehören ab 2004 knapp 100 Mitglieder an dann drei statt heute vier Direktmandate aus dem HSK	<http://purl.org/lobid/nwbib#s425030>
	<http://purl.org/lobid/nwbib#s523000>
	<http://purl.org/lobid/nwbib#s162020>
Ein sehr seltener Fund Erstnachweis des Kolbenwasserkäfers im HSK	<http://purl.org/lobid/nwbib#s163030>
	<http://purl.org/lobid/nwbib#s126000>
Naturschutz findet nicht nur draußen statt! Arbeit am Schreibtisch und in Gremien	<http://purl.org/lobid/nwbib#s584000>
Von Anfang an gut informiert Infobroschüre für junge Familien im HSK	<http://purl.org/lobid/nwbib#s725010>
	<http://purl.org/lobid/nwbib#s423430>
	<http://purl.org/lobid/nwbib#s562000>
Abfahrt 1911 - eine Zeitreise mit der Eisenbahn im Sauerland Sonderausstellung mit Begleitbuch im Maschinen- und Heimatmuseum Eslohe	<http://purl.org/lobid/nwbib#s555020>
	<http://purl.org/lobid/nwbib#s423430>
	<http://purl.org/lobid/nwbib#s240000>
	<http://purl.org/lobid/nwbib#s228000>
25 Jahre neugegliederte Stadt Medebach Integrationsprozeß und Aufgabenschwerpunkte	<http://purl.org/lobid/nwbib#s426000>
	<http://purl.org/lobid/nwbib#s632000>
	<http://purl.org/lobid/nwbib#s207020>
